ID,SampleName,UMGC_SampleID,Serial_Number,CollectionDate,SampleType,ExtractionDate,QiacubeRun,DNABoxNumber,DNALocation,PenID,DNATubeLabel,TreatmentGroup,[DNA] (ng/ul),DNA_Volume (1000ng/350μl),LibraryDate,SeqPlateID,LibraryPrepLabel,SampleNameInSeqPlate,AdapterName,UMGC_Sample_Name,i5_bases,i7_bases,UMGCSubmissionDate,UMGC_Volume_Sent (μl),Remaining_Library_Volume (μl),Location_Diluted_Samples,Check,Lane,UMGC_Pool,Barcode sequence,PF Clusters,% of the lane,% Perfect barcode,% One mismatch barcode,Yield (Mbases),% PF Cluster,% >= Q30 bases,Mean Quality Score
NPB_F1_1_A2_S1,NPB_F1_1_A2_S1,NPB_F1_1_A2,1,10-10-2018,Feces,10.9.2019,Q1,DNA sample 1,freezer -80C/Rm#348,1A1,F1-1,Grp1,221.37,4.52,11.18.2019,NPB-Noyes-Plate#1,1,NPB_F1_1,A2,NPB_F1_1_A2,TATAGCCT,TCCGGAGA,12.20.2019,10,13,freezer -80C/Rm#348,TRUE,1,1,TCCGGAGA+TATAGCCT,83541865,2.59,98.61,1.39,25230,100,92.78,35.71
NPB_F1_10_B3_S10,NPB_F1_10_B3_S10,NPB_F1_10_B3,10,10-10-2018,Feces,10.9.2019,Q1,DNA sample 1,freezer -80C/Rm#348,1B4,F1-10,Grp1,192.76,5.19,11.18.2019,NPB-Noyes-Plate#1,10,NPB_F1_10,B3,NPB_F1_10_B3,ATAGAGGC,CGCTCATT,12.20.2019,10,13,freezer -80C/Rm#348,TRUE,1,1,CGCTCATT+ATAGAGGC,63571909,1.97,98.18,1.82,19199,100,93.01,35.77
NPB_F1_11_C3_S11,NPB_F1_11_C3_S11,NPB_F1_11_C3,11,10-10-2018,Feces,10.9.2019,Q1,DNA sample 1,freezer -80C/Rm#348,1B5,F1-11,Grp1,218.91,4.57,11.18.2019,NPB-Noyes-Plate#1,11,NPB_F1_11,C3,NPB_F1_11_C3,CCTATCCT,CGCTCATT,12.20.2019,10,13,freezer -80C/Rm#348,TRUE,1,1,CGCTCATT+CCTATCCT,61103540,1.89,98.17,1.83,18453,100,93.04,35.78
NPB_F1_12_D3_S12,NPB_F1_12_D3_S12,NPB_F1_12_D3,12,10-10-2018,Feces,10.9.2019,Q1,DNA sample 1,freezer -80C/Rm#348,1B6,F1-12,Grp1,263.02,3.8,11.18.2019,NPB-Noyes-Plate#1,12,NPB_F1_12,D3,NPB_F1_12_D3,GGCTCTGA,CGCTCATT,12.20.2019,10,13,freezer -80C/Rm#348,TRUE,1,1,CGCTCATT+GGCTCTGA,62100412,1.93,98.12,1.88,18754,100,92.99,35.77
NPB_F1_2_B2_S2,NPB_F1_2_B2_S2,NPB_F1_2_B2,2,10-10-2018,Feces,10.9.2019,Q1,DNA sample 1,freezer -80C/Rm#348,1A2,F1-2,Grp1,233.33,4.29,11.18.2019,NPB-Noyes-Plate#1,2,NPB_F1_2,B2,NPB_F1_2_B2,ATAGAGGC,TCCGGAGA,12.20.2019,10,13,freezer -80C/Rm#348,TRUE,1,1,TCCGGAGA+ATAGAGGC,74157202,2.3,98.39,1.61,22395,100,92.5,35.67
NPB_F1_3_C2_S3,NPB_F1_3_C2_S3,NPB_F1_3_C2,3,10-10-2018,Feces,10.9.2019,Q1,DNA sample 1,freezer -80C/Rm#348,1A3,F1-3,Grp1,340.58,2.94,11.18.2019,NPB-Noyes-Plate#1,3,NPB_F1_3,C2,NPB_F1_3_C2,CCTATCCT,TCCGGAGA,12.20.2019,10,13,freezer -80C/Rm#348,TRUE,1,1,TCCGGAGA+CCTATCCT,72692262,2.25,98.5,1.5,21953,100,92.43,35.65
NPB_F1_4_D2_S4,NPB_F1_4_D2_S4,NPB_F1_4_D2,4,10-10-2018,Feces,10.9.2019,Q1,DNA sample 1,freezer -80C/Rm#348,1A4,F1-4,Grp1,355.3,2.81,11.18.2019,NPB-Noyes-Plate#1,4,NPB_F1_4,D2,NPB_F1_4_D2,GGCTCTGA,TCCGGAGA,12.20.2019,10,13,freezer -80C/Rm#348,TRUE,1,1,TCCGGAGA+GGCTCTGA,47946498,1.49,98.25,1.75,14480,100,92.43,35.66
NPB_F1_5_E2_S5,NPB_F1_5_E2_S5,NPB_F1_5_E2,5,10-10-2018,Feces,10.9.2019,Q1,DNA sample 1,freezer -80C/Rm#348,1A5,F1-5,Grp1,281.99,3.55,11.18.2019,NPB-Noyes-Plate#1,5,NPB_F1_5,E2,NPB_F1_5_E2,AGGCGAAG,TCCGGAGA,12.20.2019,10,13,freezer -80C/Rm#348,TRUE,1,1,TCCGGAGA+AGGCGAAG,110560307,3.43,97.94,2.06,33389,100,92.67,35.7
NPB_F1_6_F2_S6,NPB_F1_6_F2_S6,NPB_F1_6_F2,6,10-10-2018,Feces,10.9.2019,Q1,DNA sample 1,freezer -80C/Rm#348,1A6,F1-6,Grp1,508.27,1.97,11.18.2019,NPB-Noyes-Plate#1,6,NPB_F1_6,F2,NPB_F1_6_F2,TAATCTTA,TCCGGAGA,12.20.2019,10,13,freezer -80C/Rm#348,TRUE,1,1,TCCGGAGA+TAATCTTA,80543428,2.5,98.48,1.52,24324,100,92.25,35.62
NPB_F1_7_G2_S7,NPB_F1_7_G2_S7,NPB_F1_7_G2,7,10-10-2018,Feces,10.9.2019,Q1,DNA sample 1,freezer -80C/Rm#348,1B1,F1-7,Grp1,429.38,2.33,11.18.2019,NPB-Noyes-Plate#1,7,NPB_F1_7,G2,NPB_F1_7_G2,CAGGACGT,TCCGGAGA,12.20.2019,10,13,freezer -80C/Rm#348,TRUE,1,1,TCCGGAGA+CAGGACGT,73792847,2.29,98.83,1.17,22285,100,92.42,35.66
NPB_F1_8_H2_S8,NPB_F1_8_H2_S8,NPB_F1_8_H2,8,10-10-2018,Feces,10.9.2019,Q1,DNA sample 1,freezer -80C/Rm#348,1B2,F1-8,Grp1,240.41,4.16,11.18.2019,NPB-Noyes-Plate#1,8,NPB_F1_8,H2,NPB_F1_8_H2,GTACTGAC,TCCGGAGA,12.20.2019,10,13,freezer -80C/Rm#348,TRUE,1,1,TCCGGAGA+GTACTGAC,88814436,2.75,98.33,1.67,26822,100,92.42,35.64
NPB_F1_9_A3_S9,NPB_F1_9_A3_S9,NPB_F1_9_A3,9,10-10-2018,Feces,10.9.2019,Q1,DNA sample 1,freezer -80C/Rm#348,1B3,F1-9,Grp1,395.64,2.53,11.18.2019,NPB-Noyes-Plate#1,9,NPB_F1_9,A3,NPB_F1_9_A3,TATAGCCT,CGCTCATT,12.20.2019,10,13,freezer -80C/Rm#348,TRUE,1,1,CGCTCATT+TATAGCCT,58875195,1.83,98.39,1.61,17780,100,93.05,35.77
NPB_F10_1_E6_S15,NPB_F10_1_E6_S15,NPB_F10_1_E6,109,12-19-2018,Feces,10.16.2019,Q10,DNA sample 2,freezer -80C/Rm#348,1A1,F10-1,Grp1,296.94,3.37,11.26.2019,NPB-Noyes-Plate#3,109,NPB_F10_1,E6,NPB_F10_1_E6,AGGCGAAG,GAATTCGT,12.20.2019,10,13,freezer -80C/Rm#348,TRUE,3,3,GAATTCGT+AGGCGAAG,82323305,2.63,97.67,2.33,24862,100,93.2,35.79
NPB_F10_10_F7_S24,NPB_F10_10_F7_S24,NPB_F10_10_F7,118,12-19-2018,Feces,10.16.2019,Q10,DNA sample 2,freezer -80C/Rm#348,1B4,F10-10,Grp1,380.65,2.63,11.26.2019,NPB-Noyes-Plate#3,118,NPB_F10_10,F7,NPB_F10_10_F7,TAATCTTA,CTGAAGCT,12.20.2019,10,13,freezer -80C/Rm#348,TRUE,3,3,CTGAAGCT+TAATCTTA,62154697,1.98,98.45,1.55,18771,100,92.77,35.71
NPB_F10_11_G7_S25,NPB_F10_11_G7_S25,NPB_F10_11_G7,119,12-19-2018,Feces,10.16.2019,Q10,DNA sample 2,freezer -80C/Rm#348,1B5,F10-11,Grp1,206.73,4.84,11.26.2019,NPB-Noyes-Plate#3,119,NPB_F10_11,G7,NPB_F10_11_G7,CAGGACGT,CTGAAGCT,12.20.2019,10,13,freezer -80C/Rm#348,TRUE,3,3,CTGAAGCT+CAGGACGT,67058791,2.14,98.8,1.2,20252,100,92.79,35.72
NPB_F10_12_H7_S26,NPB_F10_12_H7_S26,NPB_F10_12_H7,120,12-19-2018,Feces,10.16.2019,Q10,DNA sample 2,freezer -80C/Rm#348,1B6,F10-12,Grp1,231.6,4.32,11.26.2019,NPB-Noyes-Plate#3,120,NPB_F10_12,H7,NPB_F10_12_H7,GTACTGAC,CTGAAGCT,12.20.2019,10,13,freezer -80C/Rm#348,TRUE,3,3,CTGAAGCT+GTACTGAC,65959077,2.11,98.29,1.71,19920,100,92.44,35.64
NPB_F10_2_F6_S16,NPB_F10_2_F6_S16,NPB_F10_2_F6,110,12-19-2018,Feces,10.16.2019,Q10,DNA sample 2,freezer -80C/Rm#348,1A2,F10-2,Grp1,22.04,45.38,11.26.2019,NPB-Noyes-Plate#3,110,NPB_F10_2,F6,NPB_F10_2_F6,TAATCTTA,GAATTCGT,12.20.2019,10,13,freezer -80C/Rm#348,TRUE,3,3,GAATTCGT+TAATCTTA,67180,0,74.77,25.23,20,100,84.87,34.11
NPB_F10_3_G6_S17,NPB_F10_3_G6_S17,NPB_F10_3_G6,111,12-19-2018,Feces,10.16.2019,Q10,DNA sample 2,freezer -80C/Rm#348,1A3,F10-3,Grp1,333.47,3,11.26.2019,NPB-Noyes-Plate#3,111,NPB_F10_3,G6,NPB_F10_3_G6,CAGGACGT,GAATTCGT,12.20.2019,10,13,freezer -80C/Rm#348,TRUE,3,3,GAATTCGT+CAGGACGT,70583613,2.25,98.78,1.22,21316,100,93.23,35.79
NPB_F10_4_H6_S18,NPB_F10_4_H6_S18,NPB_F10_4_H6,112,12-19-2018,Feces,10.16.2019,Q10,DNA sample 2,freezer -80C/Rm#348,1A4,F10-4,Grp1,307.99,3.25,11.26.2019,NPB-Noyes-Plate#3,112,NPB_F10_4,H6,NPB_F10_4_H6,GTACTGAC,GAATTCGT,12.20.2019,10,13,freezer -80C/Rm#348,TRUE,3,3,GAATTCGT+GTACTGAC,61878898,1.97,98.31,1.69,18687,100,92.96,35.74
NPB_F10_5_A7_S19,NPB_F10_5_A7_S19,NPB_F10_5_A7,113,12-19-2018,Feces,10.16.2019,Q10,DNA sample 2,freezer -80C/Rm#348,1A5,F10-5,Grp1,253.94,3.94,11.26.2019,NPB-Noyes-Plate#3,113,NPB_F10_5,A7,NPB_F10_5_A7,TATAGCCT,CTGAAGCT,12.20.2019,10,13,freezer -80C/Rm#348,TRUE,3,3,CTGAAGCT+TATAGCCT,74406162,2.37,98.57,1.43,22471,100,92.63,35.68
NPB_F10_6_B7_S20,NPB_F10_6_B7_S20,NPB_F10_6_B7,114,12-19-2018,Feces,10.16.2019,Q10,DNA sample 2,freezer -80C/Rm#348,1A6,F10-6,Grp1,393.17,2.54,11.26.2019,NPB-Noyes-Plate#3,114,NPB_F10_6,B7,NPB_F10_6_B7,ATAGAGGC,CTGAAGCT,12.20.2019,10,13,freezer -80C/Rm#348,TRUE,3,3,CTGAAGCT+ATAGAGGC,67965450,2.17,98.4,1.6,20526,100,92.86,35.73
NPB_F10_7_C7_S21,NPB_F10_7_C7_S21,NPB_F10_7_C7,115,12-19-2018,Feces,10.16.2019,Q10,DNA sample 2,freezer -80C/Rm#348,1B1,F10-7,Grp1,237.89,4.2,11.26.2019,NPB-Noyes-Plate#3,115,NPB_F10_7,C7,NPB_F10_7_C7,CCTATCCT,CTGAAGCT,12.20.2019,10,13,freezer -80C/Rm#348,TRUE,3,3,CTGAAGCT+CCTATCCT,67697840,2.16,98.41,1.59,20445,100,92.67,35.69
NPB_F10_8_D7_S22,NPB_F10_8_D7_S22,NPB_F10_8_D7,116,12-19-2018,Feces,10.16.2019,Q10,DNA sample 2,freezer -80C/Rm#348,1B2,F10-8,Grp1,387.98,2.58,11.26.2019,NPB-Noyes-Plate#3,116,NPB_F10_8,D7,NPB_F10_8_D7,GGCTCTGA,CTGAAGCT,12.20.2019,10,13,freezer -80C/Rm#348,TRUE,3,3,CTGAAGCT+GGCTCTGA,64143100,2.05,98.35,1.65,19371,100,92.6,35.68
NPB_F10_9_E7_S23,NPB_F10_9_E7_S23,NPB_F10_9_E7,117,12-19-2018,Feces,10.16.2019,Q10,DNA sample 2,freezer -80C/Rm#348,1B3,F10-9,Grp1,303.07,3.3,11.26.2019,NPB-Noyes-Plate#3,117,NPB_F10_9,E7,NPB_F10_9_E7,AGGCGAAG,CTGAAGCT,12.20.2019,10,13,freezer -80C/Rm#348,TRUE,3,3,CTGAAGCT+AGGCGAAG,66520497,2.12,97.73,2.27,20089,100,92.95,35.75
NPB_F13_1_A11_S51,NPB_F13_1_A11_S51,NPB_F13_1_A11,145,2-27-2019,Feces,10.22.2019,Q13,DNA sample 3,freezer -80C/Rm#348,1A1,F13-1,Grp1,293.59,3.41,12.10.2019,NPB-Noyes-Plate#4,145,NPB_F13_1,A11,NPB_F13_1_A11,TATAGCCT,TCTCGCGC,12.20.2019,10,13,freezer -80C/Rm#348,TRUE,4,4,TCTCGCGC+TATAGCCT,43924694,1.37,98.58,1.42,13265,100,93.26,35.8
NPB_F13_10_B12_S60,NPB_F13_10_B12_S60,NPB_F13_10_B12,154,2-27-2019,Feces,10.22.2019,Q13,DNA sample 3,freezer -80C/Rm#348,1B4,F13-10,Grp1,300.23,3.33,12.10.2019,NPB-Noyes-Plate#4,154,NPB_F13_10,B12,NPB_F13_10_B12,ATAGAGGC,AGCGATAG,12.20.2019,10,13,freezer -80C/Rm#348,TRUE,4,4,AGCGATAG+ATAGAGGC,73302582,2.28,98.6,1.4,22137,100,93.99,35.95
NPB_F13_11_C12_S61,NPB_F13_11_C12_S61,NPB_F13_11_C12,155,2-27-2019,Feces,10.22.2019,Q13,DNA sample 3,freezer -80C/Rm#348,1B5,F13-11,Grp1,490.56,2.04,12.10.2019,NPB-Noyes-Plate#4,155,NPB_F13_11,C12,NPB_F13_11_C12,CCTATCCT,AGCGATAG,12.20.2019,10,13,freezer -80C/Rm#348,TRUE,4,4,AGCGATAG+CCTATCCT,65167638,2.03,98.43,1.57,19681,100,93.67,35.88
NPB_F13_12_D12_S62,NPB_F13_12_D12_S62,NPB_F13_12_D12,156,2-27-2019,Feces,10.22.2019,Q13,DNA sample 3,freezer -80C/Rm#348,1B6,F13-12,Grp1,333.3,3,12.10.2019,NPB-Noyes-Plate#4,156,NPB_F13_12,D12,NPB_F13_12_D12,GGCTCTGA,AGCGATAG,12.20.2019,10,13,freezer -80C/Rm#348,TRUE,4,4,AGCGATAG+GGCTCTGA,64183925,2,98.39,1.61,19384,100,93.61,35.87
NPB_F13_2_B11_S52,NPB_F13_2_B11_S52,NPB_F13_2_B11,146,2-27-2019,Feces,10.22.2019,Q13,DNA sample 3,freezer -80C/Rm#348,1A2,F13-2,Grp1,337.59,2.96,12.10.2019,NPB-Noyes-Plate#4,146,NPB_F13_2,B11,NPB_F13_2_B11,ATAGAGGC,TCTCGCGC,12.20.2019,10,13,freezer -80C/Rm#348,TRUE,4,4,TCTCGCGC+ATAGAGGC,72179168,2.25,98.63,1.37,21798,100,93.64,35.88
NPB_F13_3_C11_S53,NPB_F13_3_C11_S53,NPB_F13_3_C11,147,2-27-2019,Feces,10.22.2019,Q13,DNA sample 3,freezer -80C/Rm#348,1A3,F13-3,Grp1,280.75,3.56,12.10.2019,NPB-Noyes-Plate#4,147,NPB_F13_3,C11,NPB_F13_3_C11,CCTATCCT,TCTCGCGC,12.20.2019,10,13,freezer -80C/Rm#348,TRUE,4,4,TCTCGCGC+CCTATCCT,68521331,2.13,98.43,1.57,20693,100,93.44,35.84
NPB_F13_4_D11_S54,NPB_F13_4_D11_S54,NPB_F13_4_D11,148,2-27-2019,Feces,10.22.2019,Q13,DNA sample 3,freezer -80C/Rm#348,1A4,F13-4,Grp1,321.99,3.11,12.10.2019,NPB-Noyes-Plate#4,148,NPB_F13_4,D11,NPB_F13_4_D11,GGCTCTGA,TCTCGCGC,12.20.2019,10,13,freezer -80C/Rm#348,TRUE,4,4,TCTCGCGC+GGCTCTGA,57701923,1.8,98.43,1.57,17426,100,93.34,35.82
NPB_F13_5_E11_S55,NPB_F13_5_E11_S55,NPB_F13_5_E11,149,2-27-2019,Feces,10.22.2019,Q13,DNA sample 3,freezer -80C/Rm#348,1A5,F13-5,Grp1,273.16,3.66,12.10.2019,NPB-Noyes-Plate#4,149,NPB_F13_5,E11,NPB_F13_5_E11,AGGCGAAG,TCTCGCGC,12.20.2019,10,13,freezer -80C/Rm#348,TRUE,4,4,TCTCGCGC+AGGCGAAG,65538369,2.04,98.17,1.83,19793,100,93.61,35.88
NPB_F13_6_F11_S56,NPB_F13_6_F11_S56,NPB_F13_6_F11,150,2-27-2019,Feces,10.22.2019,Q13,DNA sample 3,freezer -80C/Rm#348,1A6,F13-6,Grp1,297.84,3.36,12.10.2019,NPB-Noyes-Plate#4,150,NPB_F13_6,F11,NPB_F13_6_F11,TAATCTTA,TCTCGCGC,12.20.2019,10,13,freezer -80C/Rm#348,TRUE,4,4,TCTCGCGC+TAATCTTA,70484331,2.2,98.57,1.43,21286,100,93.57,35.87
NPB_F13_7_G11_S57,NPB_F13_7_G11_S57,NPB_F13_7_G11,151,2-27-2019,Feces,10.22.2019,Q13,DNA sample 3,freezer -80C/Rm#348,1B1,F13-7,Grp1,226.95,4.41,12.10.2019,NPB-Noyes-Plate#4,151,NPB_F13_7,G11,NPB_F13_7_G11,CAGGACGT,TCTCGCGC,12.20.2019,10,13,freezer -80C/Rm#348,TRUE,4,4,TCTCGCGC+CAGGACGT,63474100,1.98,98.83,1.17,19169,100,93.58,35.87
NPB_F13_8_H11_S58,NPB_F13_8_H11_S58,NPB_F13_8_H11,152,2-27-2019,Feces,10.22.2019,Q13,DNA sample 3,freezer -80C/Rm#348,1B2,F13-8,Grp1,357.1,2.8,12.10.2019,NPB-Noyes-Plate#4,152,NPB_F13_8,H11,NPB_F13_8_H11,GTACTGAC,TCTCGCGC,12.20.2019,10,13,freezer -80C/Rm#348,TRUE,4,4,TCTCGCGC+GTACTGAC,58242949,1.81,98.52,1.48,17589,100,92.92,35.72
NPB_F13_9_A12_S59,NPB_F13_9_A12_S59,NPB_F13_9_A12,153,2-27-2019,Feces,10.22.2019,Q13,DNA sample 3,freezer -80C/Rm#348,1B3,F13-9,Grp1,274.37,3.64,12.10.2019,NPB-Noyes-Plate#4,153,NPB_F13_9,A12,NPB_F13_9_A12,TATAGCCT,AGCGATAG,12.20.2019,10,13,freezer -80C/Rm#348,TRUE,4,4,AGCGATAG+TATAGCCT,76098058,2.37,98.43,1.57,22982,100,93.63,35.87
NPB_F16_1_E3_S87,NPB_F16_1_E3_S87,NPB_F16_1_E3,181,9-28-2018,Feces,11.11.2019,Q16,DNA sample 4,freezer -80C/Rm#348,1A1,F16-1,Grp1,21.5,46.49,12.11.2019,NPB-Noyes-Plate#4,181,NPB_F16_1,E3,NPB_F16_1_E3,AGGCGAAG,CGCTCATT,12.20.2019,10,13,freezer -80C/Rm#348,TRUE,4,4,CGCTCATT+AGGCGAAG,75394629,2.35,97.9,2.1,22769,100,93.44,35.86
NPB_F16_10_F4_S51,NPB_F16_10_F4_S51,NPB_F16_10_F4,190,9-28-2018,Feces,11.11.2019,Q16,DNA sample 4,freezer -80C/Rm#348,1B4,F16-10,Grp1,47,21.28,12.11.2019,NPB-Noyes-Plate#5,190,NPB_F16_10,F4,NPB_F16_10_F4,TAATCTTA,GAGATTCC,12.20.2019,10,13,freezer -80C/Rm#348,TRUE,2,5,GAGATTCC+TAATCTTA,70342114,2.2,97.91,2.09,21243,100,93.63,35.89
NPB_F16_11_G4_S52,NPB_F16_11_G4_S52,NPB_F16_11_G4,191,9-28-2018,Feces,11.11.2019,Q16,DNA sample 4,freezer -80C/Rm#348,1B5,F16-11,Grp1,81.4,12.28,12.11.2019,NPB-Noyes-Plate#5,191,NPB_F16_11,G4,NPB_F16_11_G4,CAGGACGT,GAGATTCC,12.20.2019,10,13,freezer -80C/Rm#348,TRUE,2,5,GAGATTCC+CAGGACGT,73912592,2.31,98.4,1.6,22322,100,93.75,35.91
NPB_F16_12_H4_S53,NPB_F16_12_H4_S53,NPB_F16_12_H4,192,9-28-2018,Feces,11.11.2019,Q16,DNA sample 4,freezer -80C/Rm#348,1B6,F16-12,Grp1,54.5,18.34,12.11.2019,NPB-Noyes-Plate#5,192,NPB_F16_12,H4,NPB_F16_12_H4,GTACTGAC,GAGATTCC,12.20.2019,10,13,freezer -80C/Rm#348,TRUE,2,5,GAGATTCC+GTACTGAC,65846123,2.06,98.14,1.86,19886,100,93.4,35.83
NPB_F16_2_F3_S88,NPB_F16_2_F3_S88,NPB_F16_2_F3,182,9-28-2018,Feces,11.11.2019,Q16,DNA sample 4,freezer -80C/Rm#348,1A2,F16-2,Grp1,108.9,9.19,12.11.2019,NPB-Noyes-Plate#4,182,NPB_F16_2,F3,NPB_F16_2_F3,TAATCTTA,CGCTCATT,12.20.2019,10,13,freezer -80C/Rm#348,TRUE,4,4,CGCTCATT+TAATCTTA,61203288,1.91,98.38,1.62,18483,100,93.38,35.85
NPB_F16_3_G3_S89,NPB_F16_3_G3_S89,NPB_F16_3_G3,183,9-28-2018,Feces,11.11.2019,Q16,DNA sample 4,freezer -80C/Rm#348,1A3,F16-3,Grp1,73.9,13.53,12.11.2019,NPB-Noyes-Plate#4,183,NPB_F16_3,G3,NPB_F16_3_G3,CAGGACGT,CGCTCATT,12.20.2019,10,13,freezer -80C/Rm#348,TRUE,4,4,CGCTCATT+CAGGACGT,95645897,2.98,98.7,1.3,28885,100,92.93,35.74
NPB_F16_4_H3_S90,NPB_F16_4_H3_S90,NPB_F16_4_H3,184,9-28-2018,Feces,11.11.2019,Q16,DNA sample 4,freezer -80C/Rm#348,1A4,F16-4,Grp1,31.9,31.33,12.11.2019,NPB-Noyes-Plate#4,184,NPB_F16_4,H3,NPB_F16_4_H3,GTACTGAC,CGCTCATT,12.20.2019,10,13,freezer -80C/Rm#348,TRUE,4,4,CGCTCATT+GTACTGAC,75527719,2.35,98.23,1.77,22809,100,92.53,35.66
NPB_F16_5_A4_S91,NPB_F16_5_A4_S91,NPB_F16_5_A4,185,9-28-2018,Feces,11.11.2019,Q16,DNA sample 4,freezer -80C/Rm#348,1A5,F16-5,Grp1,48.8,20.51,12.11.2019,NPB-Noyes-Plate#4,185,NPB_F16_5,A4,NPB_F16_5_A4,TATAGCCT,GAGATTCC,12.20.2019,10,13,freezer -80C/Rm#348,TRUE,4,4,GAGATTCC+TATAGCCT,61188830,1.91,98.31,1.69,18479,100,94.18,35.99
NPB_F16_6_B4_S92,NPB_F16_6_B4_S92,NPB_F16_6_B4,186,9-28-2018,Feces,11.11.2019,Q16,DNA sample 4,freezer -80C/Rm#348,1A6,F16-6,Grp1,45.5,21.98,12.11.2019,NPB-Noyes-Plate#4,186,NPB_F16_6,B4,NPB_F16_6_B4,ATAGAGGC,GAGATTCC,12.20.2019,10,13,freezer -80C/Rm#348,TRUE,4,4,GAGATTCC+ATAGAGGC,75050421,2.34,98.3,1.7,22665,100,94.15,35.99
NPB_F16_7_C4_S48,NPB_F16_7_C4_S48,NPB_F16_7_C4,187,9-28-2018,Feces,11.11.2019,Q16,DNA sample 4,freezer -80C/Rm#348,1B1,F16-7,Grp1,65.9,15.18,12.11.2019,NPB-Noyes-Plate#5,187,NPB_F16_7,C4,NPB_F16_7_C4,CCTATCCT,GAGATTCC,12.20.2019,10,13,freezer -80C/Rm#348,TRUE,2,5,GAGATTCC+CCTATCCT,71300803,2.23,98.13,1.87,21533,100,93.69,35.9
NPB_F16_8_D4_S49,NPB_F16_8_D4_S49,NPB_F16_8_D4,188,9-28-2018,Feces,11.11.2019,Q16,DNA sample 4,freezer -80C/Rm#348,1B2,F16-8,Grp1,35,28.54,12.11.2019,NPB-Noyes-Plate#5,188,NPB_F16_8,D4,NPB_F16_8_D4,GGCTCTGA,GAGATTCC,12.20.2019,10,13,freezer -80C/Rm#348,TRUE,2,5,GAGATTCC+GGCTCTGA,51568355,1.61,97.73,2.27,15574,100,94.09,35.99
NPB_F16_9_E4_S50,NPB_F16_9_E4_S50,NPB_F16_9_E4,189,9-28-2018,Feces,11.11.2019,Q16,DNA sample 4,freezer -80C/Rm#348,1B3,F16-9,Grp1,17,58.71,12.11.2019,NPB-Noyes-Plate#5,189,NPB_F16_9,E4,NPB_F16_9_E4,AGGCGAAG,GAGATTCC,12.20.2019,10,13,freezer -80C/Rm#348,TRUE,2,5,GAGATTCC+AGGCGAAG,67844740,2.12,97.57,2.43,20489,100,94.29,36.03
NPB_F4_1_E6_S37,NPB_F4_1_E6_S37,NPB_F4_1_E6,37,11-14-2018,Feces,10.11.2019,Q4,DNA sample 1,freezer -80C/Rm#348,1A1,F4-1,Grp1,396.76,2.52,11.20.2019,NPB-Noyes-Plate#1,37,NPB_F4_1,E6,NPB_F4_1_E6,AGGCGAAG,GAATTCGT,12.20.2019,10,13,freezer -80C/Rm#348,TRUE,1,1,GAATTCGT+AGGCGAAG,69839921,2.16,98.17,1.83,21092,100,93.99,35.95
NPB_F4_10_F7_S46,NPB_F4_10_F7_S46,NPB_F4_10_F7,46,11-14-2018,Feces,10.11.2019,Q4,DNA sample 1,freezer -80C/Rm#348,1B4,F4-10,Grp1,383.8,2.61,11.20.2019,NPB-Noyes-Plate#1,46,NPB_F4_10,F7,NPB_F4_10_F7,TAATCTTA,CTGAAGCT,12.20.2019,10,13,freezer -80C/Rm#348,TRUE,1,1,CTGAAGCT+TAATCTTA,66631592,2.07,98.74,1.26,20123,100,93.78,35.91
NPB_F4_11_G7_S47,NPB_F4_11_G7_S47,NPB_F4_11_G7,47,11-14-2018,Feces,10.11.2019,Q4,DNA sample 1,freezer -80C/Rm#348,1B5,F4-11,Grp1,288.86,3.46,11.20.2019,NPB-Noyes-Plate#1,47,NPB_F4_11,G7,NPB_F4_11_G7,CAGGACGT,CTGAAGCT,12.20.2019,10,13,freezer -80C/Rm#348,TRUE,1,1,CTGAAGCT+CAGGACGT,67834656,2.1,98.89,1.11,20486,100,93.57,35.88
NPB_F4_12_H7_S1,NPB_F4_12_H7_S1,NPB_F4_12_H7,48,11-14-2018,Feces,10.11.2019,Q4,DNA sample 1,freezer -80C/Rm#348,1B6,F4-12,Grp1,551.17,1.81,11.20.2019,NPB-Noyes-Plate#2,48,NPB_F4_12,H7,NPB_F4_12_H7,GTACTGAC,CTGAAGCT,12.20.2019,10,13,freezer -80C/Rm#348,TRUE,3,2,CTGAAGCT+GTACTGAC,58423918,2.04,97.16,2.84,17527,100,91.29,35.43
NPB_F4_2_F6_S38,NPB_F4_2_F6_S38,NPB_F4_2_F6,38,11-14-2018,Feces,10.11.2019,Q4,DNA sample 1,freezer -80C/Rm#348,1A2,F4-2,Grp1,359.82,2.78,11.20.2019,NPB-Noyes-Plate#1,38,NPB_F4_2,F6,NPB_F4_2_F6,TAATCTTA,GAATTCGT,12.20.2019,10,13,freezer -80C/Rm#348,TRUE,1,1,GAATTCGT+TAATCTTA,60742484,1.88,98.7,1.3,18344,100,93.8,35.91
NPB_F4_3_G6_S39,NPB_F4_3_G6_S39,NPB_F4_3_G6,39,11-14-2018,Feces,10.11.2019,Q4,DNA sample 1,freezer -80C/Rm#348,1A3,F4-3,Grp1,547.05,1.83,11.20.2019,NPB-Noyes-Plate#1,39,NPB_F4_3,G6,NPB_F4_3_G6,CAGGACGT,GAATTCGT,12.20.2019,10,13,freezer -80C/Rm#348,TRUE,1,1,GAATTCGT+CAGGACGT,58575105,1.82,98.9,1.1,17690,100,93.8,35.91
NPB_F4_4_H6_S40,NPB_F4_4_H6_S40,NPB_F4_4_H6,40,11-14-2018,Feces,10.11.2019,Q4,DNA sample 1,freezer -80C/Rm#348,1A4,F4-4,Grp1,375.13,2.67,11.20.2019,NPB-Noyes-Plate#1,40,NPB_F4_4,H6,NPB_F4_4_H6,GTACTGAC,GAATTCGT,12.20.2019,10,13,freezer -80C/Rm#348,TRUE,1,1,GAATTCGT+GTACTGAC,62756373,1.95,98.52,1.48,18952,100,93.6,35.87
NPB_F4_5_A7_S41,NPB_F4_5_A7_S41,NPB_F4_5_A7,41,11-14-2018,Feces,10.11.2019,Q4,DNA sample 1,freezer -80C/Rm#348,1A5,F4-5,Grp1,479.75,2.08,11.20.2019,NPB-Noyes-Plate#1,41,NPB_F4_5,A7,NPB_F4_5_A7,TATAGCCT,CTGAAGCT,12.20.2019,10,13,freezer -80C/Rm#348,TRUE,1,1,CTGAAGCT+TATAGCCT,66673022,2.07,98.7,1.3,20135,100,93.29,35.81
NPB_F4_6_B7_S42,NPB_F4_6_B7_S42,NPB_F4_6_B7,42,11-14-2018,Feces,10.11.2019,Q4,DNA sample 1,freezer -80C/Rm#348,1A6,F4-6,Grp1,528.46,1.89,11.20.2019,NPB-Noyes-Plate#1,42,NPB_F4_6,B7,NPB_F4_6_B7,ATAGAGGC,CTGAAGCT,12.20.2019,10,13,freezer -80C/Rm#348,TRUE,1,1,CTGAAGCT+ATAGAGGC,70878080,2.2,98.56,1.44,21405,100,93.58,35.88
NPB_F4_7_C7_S43,NPB_F4_7_C7_S43,NPB_F4_7_C7,43,11-14-2018,Feces,10.11.2019,Q4,DNA sample 1,freezer -80C/Rm#348,1B1,F4-7,Grp1,424.62,2.36,11.20.2019,NPB-Noyes-Plate#1,43,NPB_F4_7,C7,NPB_F4_7_C7,CCTATCCT,CTGAAGCT,12.20.2019,10,13,freezer -80C/Rm#348,TRUE,1,1,CTGAAGCT+CCTATCCT,69824742,2.16,98.55,1.45,21087,100,93.58,35.87
NPB_F4_8_D7_S44,NPB_F4_8_D7_S44,NPB_F4_8_D7,44,11-14-2018,Feces,10.11.2019,Q4,DNA sample 1,freezer -80C/Rm#348,1B2,F4-8,Grp1,372.1,2.69,11.20.2019,NPB-Noyes-Plate#1,44,NPB_F4_8,D7,NPB_F4_8_D7,GGCTCTGA,CTGAAGCT,12.20.2019,10,13,freezer -80C/Rm#348,TRUE,1,1,CTGAAGCT+GGCTCTGA,61102745,1.89,98.58,1.42,18453,100,93.47,35.86
NPB_F4_9_E7_S45,NPB_F4_9_E7_S45,NPB_F4_9_E7,45,11-14-2018,Feces,10.11.2019,Q4,DNA sample 1,freezer -80C/Rm#348,1B3,F4-9,Grp1,432.24,2.31,11.20.2019,NPB-Noyes-Plate#1,45,NPB_F4_9,E7,NPB_F4_9_E7,AGGCGAAG,CTGAAGCT,12.20.2019,10,13,freezer -80C/Rm#348,TRUE,1,1,CTGAAGCT+AGGCGAAG,73370088,2.27,98.2,1.8,22158,100,93.83,35.93
NPB_F7_1_A11_S26,NPB_F7_1_A11_S26,NPB_F7_1_A11,73,11-19-2018,Feces,10.15.2019,Q7,DNA sample 2,freezer -80C/Rm#348,1A1,F7-1,Grp1,330.83,3.02,11.25.2019,NPB-Noyes-Plate#2,73,NPB_F7_1,A11,NPB_F7_1_A11,TATAGCCT,TCTCGCGC,12.20.2019,10,13,freezer -80C/Rm#348,TRUE,3,2,TCTCGCGC+TATAGCCT,64037048,2.24,97.5,2.5,19211,100,91.6,35.49
NPB_F7_10_B12_S35,NPB_F7_10_B12_S35,NPB_F7_10_B12,82,11-19-2018,Feces,10.15.2019,Q7,DNA sample 2,freezer -80C/Rm#348,1B4,F7-10,Grp1,252.99,3.95,11.25.2019,NPB-Noyes-Plate#2,82,NPB_F7_10,B12,NPB_F7_10_B12,ATAGAGGC,AGCGATAG,12.20.2019,10,13,freezer -80C/Rm#348,TRUE,3,2,AGCGATAG+ATAGAGGC,55518073,1.94,96.84,3.16,16655,100,92.26,35.63
NPB_F7_11_C12_S36,NPB_F7_11_C12_S36,NPB_F7_11_C12,83,11-19-2018,Feces,10.15.2019,Q7,DNA sample 2,freezer -80C/Rm#348,1B5,F7-11,Grp1,234.89,4.26,11.25.2019,NPB-Noyes-Plate#2,83,NPB_F7_11,C12,NPB_F7_11_C12,CCTATCCT,AGCGATAG,12.20.2019,10,13,freezer -80C/Rm#348,TRUE,3,2,AGCGATAG+CCTATCCT,55491719,1.94,97.1,2.9,16648,100,92.07,35.59
NPB_F7_12_D12_S37,NPB_F7_12_D12_S37,NPB_F7_12_D12,84,11-19-2018,Feces,10.15.2019,Q7,DNA sample 2,freezer -80C/Rm#348,1B6,F7-12,Grp1,359.74,2.78,11.25.2019,NPB-Noyes-Plate#2,84,NPB_F7_12,D12,NPB_F7_12_D12,GGCTCTGA,AGCGATAG,12.20.2019,10,13,freezer -80C/Rm#348,TRUE,3,2,AGCGATAG+GGCTCTGA,61504397,2.15,97.08,2.92,18451,100,91.95,35.57
NPB_F7_2_B11_S27,NPB_F7_2_B11_S27,NPB_F7_2_B11,74,11-19-2018,Feces,10.15.2019,Q7,DNA sample 2,freezer -80C/Rm#348,1A2,F7-2,Grp1,298.14,3.35,11.25.2019,NPB-Noyes-Plate#2,74,NPB_F7_2,B11,NPB_F7_2_B11,ATAGAGGC,TCTCGCGC,12.20.2019,10,13,freezer -80C/Rm#348,TRUE,3,2,TCTCGCGC+ATAGAGGC,76781364,2.68,97.25,2.75,23034,100,92.09,35.6
NPB_F7_3_C11_S28,NPB_F7_3_C11_S28,NPB_F7_3_C11,75,11-19-2018,Feces,10.15.2019,Q7,DNA sample 2,freezer -80C/Rm#348,1A3,F7-3,Grp1,370.2,2.7,11.25.2019,NPB-Noyes-Plate#2,75,NPB_F7_3,C11,NPB_F7_3_C11,CCTATCCT,TCTCGCGC,12.20.2019,10,13,freezer -80C/Rm#348,TRUE,3,2,TCTCGCGC+CCTATCCT,59575354,2.08,97.34,2.66,17873,100,91.86,35.55
NPB_F7_4_D11_S29,NPB_F7_4_D11_S29,NPB_F7_4_D11,76,11-19-2018,Feces,10.15.2019,Q7,DNA sample 2,freezer -80C/Rm#348,1A4,F7-4,Grp1,211.25,4.73,11.25.2019,NPB-Noyes-Plate#2,76,NPB_F7_4,D11,NPB_F7_4_D11,GGCTCTGA,TCTCGCGC,12.20.2019,10,13,freezer -80C/Rm#348,TRUE,3,2,TCTCGCGC+GGCTCTGA,54595643,1.91,97.51,2.49,16379,100,91.72,35.52
NPB_F7_5_E11_S30,NPB_F7_5_E11_S30,NPB_F7_5_E11,77,11-19-2018,Feces,10.15.2019,Q7,DNA sample 2,freezer -80C/Rm#348,1A5,F7-5,Grp1,256.14,3.9,11.25.2019,NPB-Noyes-Plate#2,77,NPB_F7_5,E11,NPB_F7_5_E11,AGGCGAAG,TCTCGCGC,12.20.2019,10,13,freezer -80C/Rm#348,TRUE,3,2,TCTCGCGC+AGGCGAAG,70475396,2.46,96.75,3.25,21143,100,92.03,35.59
NPB_F7_6_F11_S31,NPB_F7_6_F11_S31,NPB_F7_6_F11,78,11-19-2018,Feces,10.15.2019,Q7,DNA sample 2,freezer -80C/Rm#348,1A6,F7-6,Grp1,291.23,3.43,11.25.2019,NPB-Noyes-Plate#2,78,NPB_F7_6,F11,NPB_F7_6_F11,TAATCTTA,TCTCGCGC,12.20.2019,10,13,freezer -80C/Rm#348,TRUE,3,2,TCTCGCGC+TAATCTTA,72201662,2.52,97.55,2.45,21660,100,91.84,35.55
NPB_F7_7_G11_S32,NPB_F7_7_G11_S32,NPB_F7_7_G11,79,11-19-2018,Feces,10.15.2019,Q7,DNA sample 2,freezer -80C/Rm#348,1B1,F7-7,Grp1,320.61,3.12,11.25.2019,NPB-Noyes-Plate#2,79,NPB_F7_7,G11,NPB_F7_7_G11,CAGGACGT,TCTCGCGC,12.20.2019,10,13,freezer -80C/Rm#348,TRUE,3,2,TCTCGCGC+CAGGACGT,52187360,1.82,98.18,1.82,15656,100,91.99,35.58
NPB_F7_8_H11_S33,NPB_F7_8_H11_S33,NPB_F7_8_H11,80,11-19-2018,Feces,10.15.2019,Q7,DNA sample 2,freezer -80C/Rm#348,1B2,F7-8,Grp1,304.5,3.28,11.25.2019,NPB-Noyes-Plate#2,80,NPB_F7_8,H11,NPB_F7_8_H11,GTACTGAC,TCTCGCGC,12.20.2019,10,13,freezer -80C/Rm#348,TRUE,3,2,TCTCGCGC+GTACTGAC,52910254,1.85,97.31,2.69,15873,100,91.32,35.44
NPB_F7_9_A12_S34,NPB_F7_9_A12_S34,NPB_F7_9_A12,81,11-19-2018,Feces,10.15.2019,Q7,DNA sample 2,freezer -80C/Rm#348,1B3,F7-9,Grp1,232.94,4.29,11.25.2019,NPB-Noyes-Plate#2,81,NPB_F7_9,A12,NPB_F7_9_A12,TATAGCCT,AGCGATAG,12.20.2019,10,13,freezer -80C/Rm#348,TRUE,3,2,AGCGATAG+TATAGCCT,54342110,1.9,96.81,3.19,16303,100,92.05,35.58
NPB_F11_1_A8_S27,NPB_F11_1_A8_S27,NPB_F11_1_A8,121,12-19-2018,Feces,10.21.2019,Q11,DNA sample 3,freezer -80C/Rm#348,2A1,F11-1,Grp2,348.05,2.87,11.26.2019,NPB-Noyes-Plate#3,121,NPB_F11_1,A8,NPB_F11_1_A8,TATAGCCT,TAATGCGC,12.20.2019,10,13,freezer -80C/Rm#348,TRUE,3,3,TAATGCGC+TATAGCCT,68323949,2.18,98.1,1.9,20634,100,92.46,35.65
NPB_F11_10_B9_S36,NPB_F11_10_B9_S36,NPB_F11_10_B9,130,12-19-2018,Feces,10.21.2019,Q11,DNA sample 3,freezer -80C/Rm#348,2B4,F11-10,Grp2,268.84,3.72,12.10.2019,NPB-Noyes-Plate#3,130,NPB_F11_10,B9,NPB_F11_10_B9,ATAGAGGC,CGGCTATG,12.20.2019,10,13,freezer -80C/Rm#348,TRUE,3,3,CGGCTATG+ATAGAGGC,64253342,2.05,98.44,1.56,19405,100,93.45,35.84
NPB_F11_11_C9_S37,NPB_F11_11_C9_S37,NPB_F11_11_C9,131,12-19-2018,Feces,10.21.2019,Q11,DNA sample 3,freezer -80C/Rm#348,2B5,F11-11,Grp2,328.99,3.04,12.10.2019,NPB-Noyes-Plate#3,131,NPB_F11_11,C9,NPB_F11_11_C9,CCTATCCT,CGGCTATG,12.20.2019,10,13,freezer -80C/Rm#348,TRUE,3,3,CGGCTATG+CCTATCCT,73326924,2.34,98.26,1.74,22145,100,93.14,35.78
NPB_F11_12_D9_S38,NPB_F11_12_D9_S38,NPB_F11_12_D9,132,12-19-2018,Feces,10.21.2019,Q11,DNA sample 3,freezer -80C/Rm#348,2B6,F11-12,Grp2,250.72,3.99,12.10.2019,NPB-Noyes-Plate#3,132,NPB_F11_12,D9,NPB_F11_12_D9,GGCTCTGA,CGGCTATG,12.20.2019,10,13,freezer -80C/Rm#348,TRUE,3,3,CGGCTATG+GGCTCTGA,45088761,1.44,98.33,1.67,13617,100,93.12,35.77
NPB_F11_2_B8_S28,NPB_F11_2_B8_S28,NPB_F11_2_B8,122,12-19-2018,Feces,10.21.2019,Q11,DNA sample 3,freezer -80C/Rm#348,2A2,F11-2,Grp2,324.51,3.08,11.26.2019,NPB-Noyes-Plate#3,122,NPB_F11_2,B8,NPB_F11_2_B8,ATAGAGGC,TAATGCGC,12.20.2019,10,13,freezer -80C/Rm#348,TRUE,3,3,TAATGCGC+ATAGAGGC,72285666,2.31,97.96,2.04,21830,100,93.07,35.78
NPB_F11_3_C8_S29,NPB_F11_3_C8_S29,NPB_F11_3_C8,123,12-19-2018,Feces,10.21.2019,Q11,DNA sample 3,freezer -80C/Rm#348,2A3,F11-3,Grp2,335.4,2.98,11.26.2019,NPB-Noyes-Plate#3,123,NPB_F11_3,C8,NPB_F11_3_C8,CCTATCCT,TAATGCGC,12.20.2019,10,13,freezer -80C/Rm#348,TRUE,3,3,TAATGCGC+CCTATCCT,67937560,2.17,97.97,2.03,20517,100,92.78,35.71
NPB_F11_4_D8_S30,NPB_F11_4_D8_S30,NPB_F11_4_D8,124,12-19-2018,Feces,10.21.2019,Q11,DNA sample 3,freezer -80C/Rm#348,2A4,F11-4,Grp2,24.26,41.22,11.26.2019,NPB-Noyes-Plate#3,124,NPB_F11_4,D8,NPB_F11_4_D8,GGCTCTGA,TAATGCGC,12.20.2019,10,13,freezer -80C/Rm#348,TRUE,3,3,TAATGCGC+GGCTCTGA,63945393,2.04,98.09,1.91,19312,100,91.81,35.48
NPB_F11_5_E8_S31,NPB_F11_5_E8_S31,NPB_F11_5_E8,125,12-19-2018,Feces,10.21.2019,Q11,DNA sample 3,freezer -80C/Rm#348,2A5,F11-5,Grp2,249.63,4.01,11.26.2019,NPB-Noyes-Plate#3,125,NPB_F11_5,E8,NPB_F11_5_E8,AGGCGAAG,TAATGCGC,12.20.2019,10,13,freezer -80C/Rm#348,TRUE,3,3,TAATGCGC+AGGCGAAG,61064800,1.95,97.36,2.64,18442,100,92.77,35.72
NPB_F11_6_F8_S32,NPB_F11_6_F8_S32,NPB_F11_6_F8,126,12-19-2018,Feces,10.21.2019,Q11,DNA sample 3,freezer -80C/Rm#348,2A6,F11-6,Grp2,290.91,3.44,11.26.2019,NPB-Noyes-Plate#3,126,NPB_F11_6,F8,NPB_F11_6_F8,TAATCTTA,TAATGCGC,12.20.2019,10,13,freezer -80C/Rm#348,TRUE,3,3,TAATGCGC+TAATCTTA,58507094,1.87,98.06,1.94,17669,100,92.93,35.75
NPB_F11_7_G8_S33,NPB_F11_7_G8_S33,NPB_F11_7_G8,127,12-19-2018,Feces,10.21.2019,Q11,DNA sample 3,freezer -80C/Rm#348,2B1,F11-7,Grp2,326.62,3.06,11.26.2019,NPB-Noyes-Plate#3,127,NPB_F11_7,G8,NPB_F11_7_G8,CAGGACGT,TAATGCGC,12.20.2019,10,13,freezer -80C/Rm#348,TRUE,3,3,TAATGCGC+CAGGACGT,58866744,1.88,98.41,1.59,17778,100,93.01,35.76
NPB_F11_8_H8_S34,NPB_F11_8_H8_S34,NPB_F11_8_H8,128,12-19-2018,Feces,10.21.2019,Q11,DNA sample 3,freezer -80C/Rm#348,2B2,F11-8,Grp2,203.64,4.91,11.26.2019,NPB-Noyes-Plate#3,128,NPB_F11_8,H8,NPB_F11_8_H8,GTACTGAC,TAATGCGC,12.20.2019,10,13,freezer -80C/Rm#348,TRUE,3,3,TAATGCGC+GTACTGAC,54206234,1.73,98,2,16370,100,92.57,35.67
NPB_F11_9_A9_S35,NPB_F11_9_A9_S35,NPB_F11_9_A9,129,12-19-2018,Feces,10.21.2019,Q11,DNA sample 3,freezer -80C/Rm#348,2B3,F11-9,Grp2,326.57,3.06,12.10.2019,NPB-Noyes-Plate#3,129,NPB_F11_9,A9,NPB_F11_9_A9,TATAGCCT,CGGCTATG,12.20.2019,10,13,freezer -80C/Rm#348,TRUE,3,3,CGGCTATG+TATAGCCT,40721631,1.3,98.47,1.53,12298,100,93.09,35.76
NPB_F14_1_E12_S63,NPB_F14_1_E12_S63,NPB_F14_1_E12,157,2-27-2019,Feces,10.22.2019,Q14,DNA sample 3,freezer -80C/Rm#348,2A1,F14-1,Grp2,188.48,5.31,12.10.2019,NPB-Noyes-Plate#4,157,NPB_F14_1,E12,NPB_F14_1_E12,AGGCGAAG,AGCGATAG,12.20.2019,10,13,freezer -80C/Rm#348,TRUE,4,4,AGCGATAG+AGGCGAAG,69626976,2.17,98.18,1.82,21027,100,93.9,35.92
NPB_F14_10_F1_S72,NPB_F14_10_F1_S72,NPB_F14_10_F1,166,2-27-2019,Feces,10.22.2019,Q14,DNA sample 3,freezer -80C/Rm#348,2B4,F14-10,Grp2,399.5,2.5,12.11.2019,NPB-Noyes-Plate#4,166,NPB_F14_10,F1,NPB_F14_10_F1,TAATCTTA,ATTACTCG,12.20.2019,10,13,freezer -80C/Rm#348,TRUE,4,4,ATTACTCG+TAATCTTA,56339995,1.75,98.5,1.5,17015,100,93.46,35.86
NPB_F14_11_G1_S73,NPB_F14_11_G1_S73,NPB_F14_11_G1,167,2-27-2019,Feces,10.22.2019,Q14,DNA sample 3,freezer -80C/Rm#348,2B5,F14-11,Grp2,310.04,3.23,12.11.2019,NPB-Noyes-Plate#4,167,NPB_F14_11,G1,NPB_F14_11_G1,CAGGACGT,ATTACTCG,12.20.2019,10,13,freezer -80C/Rm#348,TRUE,4,4,ATTACTCG+CAGGACGT,60348204,1.88,98.77,1.23,18225,100,93.6,35.88
NPB_F14_12_H1_S74,NPB_F14_12_H1_S74,NPB_F14_12_H1,168,2-27-2019,Feces,10.22.2019,Q14,DNA sample 3,freezer -80C/Rm#348,2B6,F14-12,Grp2,222.16,4.5,12.11.2019,NPB-Noyes-Plate#4,168,NPB_F14_12,H1,NPB_F14_12_H1,GTACTGAC,ATTACTCG,12.20.2019,10,13,freezer -80C/Rm#348,TRUE,4,4,ATTACTCG+GTACTGAC,51993406,1.62,98.4,1.6,15702,100,93.33,35.82
NPB_F14_2_F12_S64,NPB_F14_2_F12_S64,NPB_F14_2_F12,158,2-27-2019,Feces,10.22.2019,Q14,DNA sample 3,freezer -80C/Rm#348,2A2,F14-2,Grp2,290.07,3.45,12.10.2019,NPB-Noyes-Plate#4,158,NPB_F14_2,F12,NPB_F14_2_F12,TAATCTTA,AGCGATAG,12.20.2019,10,13,freezer -80C/Rm#348,TRUE,4,4,AGCGATAG+TAATCTTA,81673933,2.54,98.51,1.49,24666,100,93.72,35.9
NPB_F14_3_G12_S65,NPB_F14_3_G12_S65,NPB_F14_3_G12,159,2-27-2019,Feces,10.22.2019,Q14,DNA sample 3,freezer -80C/Rm#348,2A3,F14-3,Grp2,277.37,3.61,12.10.2019,NPB-Noyes-Plate#4,159,NPB_F14_3,G12,NPB_F14_3_G12,CAGGACGT,AGCGATAG,12.20.2019,10,13,freezer -80C/Rm#348,TRUE,4,4,AGCGATAG+CAGGACGT,60700502,1.89,98.8,1.2,18332,100,93.61,35.87
NPB_F14_4_H12_S66,NPB_F14_4_H12_S66,NPB_F14_4_H12,160,2-27-2019,Feces,10.22.2019,Q14,DNA sample 3,freezer -80C/Rm#348,2A4,F14-4,Grp2,271.94,3.68,12.10.2019,NPB-Noyes-Plate#4,160,NPB_F14_4,H12,NPB_F14_4_H12,GTACTGAC,AGCGATAG,12.20.2019,10,13,freezer -80C/Rm#348,TRUE,4,4,AGCGATAG+GTACTGAC,75549708,2.35,98.46,1.54,22816,100,93.26,35.79
NPB_F14_5_A1_S67,NPB_F14_5_A1_S67,NPB_F14_5_A1,161,2-27-2019,Feces,10.22.2019,Q14,DNA sample 3,freezer -80C/Rm#348,2A5,F14-5,Grp2,298.3,3.35,12.11.2019,NPB-Noyes-Plate#4,161,NPB_F14_5,A1,NPB_F14_5_A1,TATAGCCT,ATTACTCG,12.20.2019,10,13,freezer -80C/Rm#348,TRUE,4,4,ATTACTCG+TATAGCCT,66200635,2.06,98.45,1.55,19993,100,93.52,35.87
NPB_F14_6_B1_S68,NPB_F14_6_B1_S68,NPB_F14_6_B1,162,2-27-2019,Feces,10.22.2019,Q14,DNA sample 3,freezer -80C/Rm#348,2A6,F14-6,Grp2,286.74,3.49,12.11.2019,NPB-Noyes-Plate#4,162,NPB_F14_6,B1,NPB_F14_6_B1,ATAGAGGC,ATTACTCG,12.20.2019,10,13,freezer -80C/Rm#348,TRUE,4,4,ATTACTCG+ATAGAGGC,87131661,2.71,98.51,1.49,26314,100,93.92,35.96
NPB_F14_7_C1_S69,NPB_F14_7_C1_S69,NPB_F14_7_C1,163,2-27-2019,Feces,10.22.2019,Q14,DNA sample 3,freezer -80C/Rm#348,2B1,F14-7,Grp2,234.58,4.26,12.11.2019,NPB-Noyes-Plate#4,163,NPB_F14_7,C1,NPB_F14_7_C1,CCTATCCT,ATTACTCG,12.20.2019,10,13,freezer -80C/Rm#348,TRUE,4,4,ATTACTCG+CCTATCCT,63195673,1.97,98.37,1.63,19085,100,93.64,35.89
NPB_F14_8_D1_S70,NPB_F14_8_D1_S70,NPB_F14_8_D1,164,2-27-2019,Feces,10.22.2019,Q14,DNA sample 3,freezer -80C/Rm#348,2B2,F14-8,Grp2,388.08,2.58,12.11.2019,NPB-Noyes-Plate#4,164,NPB_F14_8,D1,NPB_F14_8_D1,GGCTCTGA,ATTACTCG,12.20.2019,10,13,freezer -80C/Rm#348,TRUE,4,4,ATTACTCG+GGCTCTGA,52614786,1.64,98.36,1.64,15890,100,93.73,35.92
NPB_F14_9_E1_S71,NPB_F14_9_E1_S71,NPB_F14_9_E1,165,2-27-2019,Feces,10.22.2019,Q14,DNA sample 3,freezer -80C/Rm#348,2B3,F14-9,Grp2,319.17,3.13,12.11.2019,NPB-Noyes-Plate#4,165,NPB_F14_9,E1,NPB_F14_9_E1,AGGCGAAG,ATTACTCG,12.20.2019,10,13,freezer -80C/Rm#348,TRUE,4,4,ATTACTCG+AGGCGAAG,60195874,1.87,98.06,1.94,18179,100,93.85,35.94
NPB_F17_1_A5_S54,NPB_F17_1_A5_S54,NPB_F17_1_A5,193,9-28-2018,Feces,11.11.2019,Q17,DNA sample 4,freezer -80C/Rm#348,2A1,F17-1,Grp2,38.9,25.72,12.16.2019,NPB-Noyes-Plate#5,193,NPB_F17_1,A5,NPB_F17_1_A5,TATAGCCT,ATTCAGAA,12.20.2019,10,13,freezer -80C/Rm#348,TRUE,2,5,ATTCAGAA+TATAGCCT,59651878,1.86,98.33,1.67,18015,100,93.14,35.77
NPB_F17_10_B6_S63,NPB_F17_10_B6_S63,NPB_F17_10_B6,202,9-28-2018,Feces,11.11.2019,Q17,DNA sample 4,freezer -80C/Rm#348,2B4,F17-10,Grp2,66.3,15.09,12.16.2019,NPB-Noyes-Plate#5,202,NPB_F17_10,B6,NPB_F17_10_B6,ATAGAGGC,GAATTCGT,12.20.2019,10,13,freezer -80C/Rm#348,TRUE,2,5,GAATTCGT+ATAGAGGC,71098701,2.22,98.32,1.68,21472,100,93.94,35.95
NPB_F17_11_C6_S64,NPB_F17_11_C6_S64,NPB_F17_11_C6,203,9-28-2018,Feces,11.11.2019,Q17,DNA sample 4,freezer -80C/Rm#348,2B5,F17-11,Grp2,38.7,25.85,12.16.2019,NPB-Noyes-Plate#5,203,NPB_F17_11,C6,NPB_F17_11_C6,CCTATCCT,GAATTCGT,12.20.2019,10,13,freezer -80C/Rm#348,TRUE,2,5,GAATTCGT+CCTATCCT,61120495,1.91,98.33,1.67,18458,100,93.04,35.77
NPB_F17_12_D6_S65,NPB_F17_12_D6_S65,NPB_F17_12_D6,204,9-28-2018,Feces,11.11.2019,Q17,DNA sample 4,freezer -80C/Rm#348,2B6,F17-12,Grp2,82.6,12.1,12.16.2019,NPB-Noyes-Plate#5,204,NPB_F17_12,D6,NPB_F17_12_D6,GGCTCTGA,GAATTCGT,12.20.2019,10,13,freezer -80C/Rm#348,TRUE,2,5,GAATTCGT+GGCTCTGA,65041089,2.03,98.09,1.91,19642,100,92.82,35.72
NPB_F17_2_B5_S55,NPB_F17_2_B5_S55,NPB_F17_2_B5,194,9-28-2018,Feces,11.11.2019,Q17,DNA sample 4,freezer -80C/Rm#348,2A2,F17-2,Grp2,94.6,10.57,12.16.2019,NPB-Noyes-Plate#5,194,NPB_F17_2,B5,NPB_F17_2_B5,ATAGAGGC,ATTCAGAA,12.20.2019,10,13,freezer -80C/Rm#348,TRUE,2,5,ATTCAGAA+ATAGAGGC,73326055,2.29,98.26,1.74,22144,100,93.49,35.86
NPB_F17_3_C5_S56,NPB_F17_3_C5_S56,NPB_F17_3_C5,195,9-28-2018,Feces,11.11.2019,Q17,DNA sample 4,freezer -80C/Rm#348,2A3,F17-3,Grp2,44.3,22.55,12.16.2019,NPB-Noyes-Plate#5,195,NPB_F17_3,C5,NPB_F17_3_C5,CCTATCCT,ATTCAGAA,12.20.2019,10,13,freezer -80C/Rm#348,TRUE,2,5,ATTCAGAA+CCTATCCT,59210825,1.85,98.25,1.75,17882,100,92.8,35.72
NPB_F17_4_D5_S57,NPB_F17_4_D5_S57,NPB_F17_4_D5,196,9-28-2018,Feces,11.11.2019,Q17,DNA sample 4,freezer -80C/Rm#348,2A4,F17-4,Grp2,58.5,17.1,12.16.2019,NPB-Noyes-Plate#5,196,NPB_F17_4,D5,NPB_F17_4_D5,GGCTCTGA,ATTCAGAA,12.20.2019,10,13,freezer -80C/Rm#348,TRUE,2,5,ATTCAGAA+GGCTCTGA,58827345,1.84,98.26,1.74,17766,100,92.99,35.76
NPB_F17_5_E5_S58,NPB_F17_5_E5_S58,NPB_F17_5_E5,197,9-28-2018,Feces,11.11.2019,Q17,DNA sample 4,freezer -80C/Rm#348,2A5,F17-5,Grp2,52.9,18.92,12.16.2019,NPB-Noyes-Plate#5,197,NPB_F17_5,E5,NPB_F17_5_E5,AGGCGAAG,ATTCAGAA,12.20.2019,10,13,freezer -80C/Rm#348,TRUE,2,5,ATTCAGAA+AGGCGAAG,57567447,1.8,97.77,2.23,17385,100,93.96,35.96
NPB_F17_6_F5_S59,NPB_F17_6_F5_S59,NPB_F17_6_F5,198,9-28-2018,Feces,11.11.2019,Q17,DNA sample 4,freezer -80C/Rm#348,2A6,F17-6,Grp2,44.4,22.55,12.16.2019,NPB-Noyes-Plate#5,198,NPB_F17_6,F5,NPB_F17_6_F5,TAATCTTA,ATTCAGAA,12.20.2019,10,13,freezer -80C/Rm#348,TRUE,2,5,ATTCAGAA+TAATCTTA,51382806,1.61,98.08,1.92,15518,100,93.35,35.84
NPB_F17_7_G5_S60,NPB_F17_7_G5_S60,NPB_F17_7_G5,199,9-28-2018,Feces,11.11.2019,Q17,DNA sample 4,freezer -80C/Rm#348,2B1,F17-7,Grp2,59.3,16.87,12.16.2019,NPB-Noyes-Plate#5,199,NPB_F17_7,G5,NPB_F17_7_G5,CAGGACGT,ATTCAGAA,12.20.2019,10,13,freezer -80C/Rm#348,TRUE,2,5,ATTCAGAA+CAGGACGT,71839027,2.24,98.64,1.36,21695,100,93.75,35.91
NPB_F17_8_H5_S61,NPB_F17_8_H5_S61,NPB_F17_8_H5,200,9-28-2018,Feces,11.11.2019,Q17,DNA sample 4,freezer -80C/Rm#348,2B2,F17-8,Grp2,50.9,19.66,12.16.2019,NPB-Noyes-Plate#5,200,NPB_F17_8,H5,NPB_F17_8_H5,GTACTGAC,ATTCAGAA,12.20.2019,10,13,freezer -80C/Rm#348,TRUE,2,5,ATTCAGAA+GTACTGAC,64003459,2,98.31,1.69,19329,100,92.93,35.73
NPB_F17_9_A6_S62,NPB_F17_9_A6_S62,NPB_F17_9_A6,201,9-28-2018,Feces,11.11.2019,Q17,DNA sample 4,freezer -80C/Rm#348,2B3,F17-9,Grp2,81.3,12.31,12.16.2019,NPB-Noyes-Plate#5,201,NPB_F17_9,A6,NPB_F17_9_A6,TATAGCCT,GAATTCGT,12.20.2019,10,13,freezer -80C/Rm#348,TRUE,2,5,GAATTCGT+TATAGCCT,66119076,2.07,98.33,1.67,19968,100,93.33,35.82
NPB_F2_1_E3_S13,NPB_F2_1_E3_S13,NPB_F2_1_E3,13,10-10-2018,Feces,10.10.2019,Q2,DNA sample 1,freezer -80C/Rm#348,2A1,F2-1,Grp2,192.05,5.21,11.18.2019,NPB-Noyes-Plate#1,13,NPB_F2_1,E3,NPB_F2_1_E3,AGGCGAAG,CGCTCATT,12.20.2019,10,13,freezer -80C/Rm#348,TRUE,1,1,CGCTCATT+AGGCGAAG,86219015,2.67,97.79,2.21,26038,100,93.18,35.81
NPB_F2_10_F4_S22,NPB_F2_10_F4_S22,NPB_F2_10_F4,22,10-10-2018,Feces,10.10.2019,Q2,DNA sample 1,freezer -80C/Rm#348,2B4,F2-10,Grp2,358.56,2.79,11.19.2019,NPB-Noyes-Plate#1,22,NPB_F2_10,F4,NPB_F2_10_F4,TAATCTTA,GAGATTCC,12.20.2019,10,13,freezer -80C/Rm#348,TRUE,1,1,GAGATTCC+TAATCTTA,55160020,1.71,98.47,1.53,16658,100,94.14,35.99
NPB_F2_11_G4_S23,NPB_F2_11_G4_S23,NPB_F2_11_G4,23,10-10-2018,Feces,10.10.2019,Q2,DNA sample 1,freezer -80C/Rm#348,2B5,F2-11,Grp2,186.3,5.37,11.19.2019,NPB-Noyes-Plate#1,23,NPB_F2_11,G4,NPB_F2_11_G4,CAGGACGT,GAGATTCC,12.20.2019,10,13,freezer -80C/Rm#348,TRUE,1,1,GAGATTCC+CAGGACGT,65559714,2.03,98.63,1.37,19799,100,93.91,35.95
NPB_F2_12_H4_S24,NPB_F2_12_H4_S24,NPB_F2_12_H4,24,10-10-2018,Feces,10.10.2019,Q2,DNA sample 1,freezer -80C/Rm#348,2B6,F2-12,Grp2,219.96,4.55,11.19.2019,NPB-Noyes-Plate#1,24,NPB_F2_12,H4,NPB_F2_12_H4,GTACTGAC,GAGATTCC,12.20.2019,10,13,freezer -80C/Rm#348,TRUE,1,1,GAGATTCC+GTACTGAC,51050284,1.58,98.21,1.79,15417,100,93.68,35.9
NPB_F2_2_F3_S14,NPB_F2_2_F3_S14,NPB_F2_2_F3,14,10-10-2018,Feces,10.10.2019,Q2,DNA sample 1,freezer -80C/Rm#348,2A2,F2-2,Grp2,271.93,3.68,11.18.2019,NPB-Noyes-Plate#1,14,NPB_F2_2,F3,NPB_F2_2_F3,TAATCTTA,CGCTCATT,12.20.2019,10,13,freezer -80C/Rm#348,TRUE,1,1,CGCTCATT+TAATCTTA,68450272,2.12,98.37,1.63,20672,100,93.32,35.83
NPB_F2_3_G3_S15,NPB_F2_3_G3_S15,NPB_F2_3_G3,15,10-10-2018,Feces,10.10.2019,Q2,DNA sample 1,freezer -80C/Rm#348,2A3,F2-3,Grp2,267.56,3.74,11.18.2019,NPB-Noyes-Plate#1,15,NPB_F2_3,G3,NPB_F2_3_G3,CAGGACGT,CGCTCATT,12.20.2019,10,13,freezer -80C/Rm#348,TRUE,1,1,CGCTCATT+CAGGACGT,58367358,1.81,98.59,1.41,17627,100,93.26,35.83
NPB_F2_4_H3_S16,NPB_F2_4_H3_S16,NPB_F2_4_H3,16,10-10-2018,Feces,10.10.2019,Q2,DNA sample 1,freezer -80C/Rm#348,2A4,F2-4,Grp2,211.78,4.72,11.18.2019,NPB-Noyes-Plate#1,16,NPB_F2_4,H3,NPB_F2_4_H3,GTACTGAC,CGCTCATT,12.20.2019,10,13,freezer -80C/Rm#348,TRUE,1,1,CGCTCATT+GTACTGAC,66332132,2.06,98.16,1.84,20032,100,92.76,35.71
NPB_F2_5_A4_S17,NPB_F2_5_A4_S17,NPB_F2_5_A4,17,10-10-2018,Feces,10.10.2019,Q2,DNA sample 1,freezer -80C/Rm#348,2A5,F2-5,Grp2,378.61,2.64,11.19.2019,NPB-Noyes-Plate#1,17,NPB_F2_5,A4,NPB_F2_5_A4,TATAGCCT,GAGATTCC,12.20.2019,10,13,freezer -80C/Rm#348,TRUE,1,1,GAGATTCC+TATAGCCT,58150753,1.8,98.52,1.48,17562,100,93.94,35.94
NPB_F2_6_B4_S18,NPB_F2_6_B4_S18,NPB_F2_6_B4,18,10-10-2018,Feces,10.10.2019,Q2,DNA sample 1,freezer -80C/Rm#348,2A6,F2-6,Grp2,434.54,2.3,11.19.2019,NPB-Noyes-Plate#1,18,NPB_F2_6,B4,NPB_F2_6_B4,ATAGAGGC,GAGATTCC,12.20.2019,10,13,freezer -80C/Rm#348,TRUE,1,1,GAGATTCC+ATAGAGGC,55689627,1.73,98.23,1.77,16818,100,93.6,35.88
NPB_F2_7_C4_S19,NPB_F2_7_C4_S19,NPB_F2_7_C4,19,10-10-2018,Feces,10.10.2019,Q2,DNA sample 1,freezer -80C/Rm#348,2B1,F2-7,Grp2,467.81,2.14,11.19.2019,NPB-Noyes-Plate#1,19,NPB_F2_7,C4,NPB_F2_7_C4,CCTATCCT,GAGATTCC,12.20.2019,10,13,freezer -80C/Rm#348,TRUE,1,1,GAGATTCC+CCTATCCT,54879318,1.7,98.28,1.72,16574,100,94.04,35.97
NPB_F2_8_D4_S20,NPB_F2_8_D4_S20,NPB_F2_8_D4,20,10-10-2018,Feces,10.10.2019,Q2,DNA sample 1,freezer -80C/Rm#348,2B2,F2-8,Grp2,345.57,2.89,11.19.2019,NPB-Noyes-Plate#1,20,NPB_F2_8,D4,NPB_F2_8_D4,GGCTCTGA,GAGATTCC,12.20.2019,10,13,freezer -80C/Rm#348,TRUE,1,1,GAGATTCC+GGCTCTGA,45485512,1.41,97.97,2.03,13737,100,93.25,35.81
NPB_F2_9_E4_S21,NPB_F2_9_E4_S21,NPB_F2_9_E4,21,10-10-2018,Feces,10.10.2019,Q2,DNA sample 1,freezer -80C/Rm#348,2B3,F2-9,Grp2,307.44,3.25,11.19.2019,NPB-Noyes-Plate#1,21,NPB_F2_9,E4,NPB_F2_9_E4,AGGCGAAG,GAGATTCC,12.20.2019,10,13,freezer -80C/Rm#348,TRUE,1,1,GAGATTCC+AGGCGAAG,52276205,1.62,98.01,1.99,15787,100,93.95,35.95
NPB_F5_1_A8_S2,NPB_F5_1_A8_S2,NPB_F5_1_A8,49,11-14-2018,Feces,10.14.2019,Q5,DNA sample 1,freezer -80C/Rm#348,2A1,F5-1,Grp2,264.8,3.78,11.20.2019,NPB-Noyes-Plate#2,49,NPB_F5_1,A8,NPB_F5_1_A8,TATAGCCT,TAATGCGC,12.20.2019,10,13,freezer -80C/Rm#348,TRUE,3,2,TAATGCGC+TATAGCCT,53644444,1.87,96.79,3.21,16093,100,91.28,35.43
NPB_F5_10_B9_S11,NPB_F5_10_B9_S11,NPB_F5_10_B9,58,11-14-2018,Feces,10.14.2019,Q5,DNA sample 1,freezer -80C/Rm#348,2B4,F5-10,Grp2,322.73,3.1,11.20.2019,NPB-Noyes-Plate#2,58,NPB_F5_10,B9,NPB_F5_10_B9,ATAGAGGC,CGGCTATG,12.20.2019,10,13,freezer -80C/Rm#348,TRUE,3,2,CGGCTATG+ATAGAGGC,57405859,2.01,96.8,3.2,17222,100,91.49,35.48
NPB_F5_11_C9_S12,NPB_F5_11_C9_S12,NPB_F5_11_C9,59,11-14-2018,Feces,10.14.2019,Q5,DNA sample 1,freezer -80C/Rm#348,2B5,F5-11,Grp2,239.15,4.18,11.20.2019,NPB-Noyes-Plate#2,59,NPB_F5_11,C9,NPB_F5_11_C9,CCTATCCT,CGGCTATG,12.20.2019,10,13,freezer -80C/Rm#348,TRUE,3,2,CGGCTATG+CCTATCCT,59144799,2.07,97.07,2.93,17743,100,91.49,35.48
NPB_F5_12_D9_S13,NPB_F5_12_D9_S13,NPB_F5_12_D9,60,11-14-2018,Feces,10.14.2019,Q5,DNA sample 1,freezer -80C/Rm#348,2B6,F5-12,Grp2,334.03,2.99,11.20.2019,NPB-Noyes-Plate#2,60,NPB_F5_12,D9,NPB_F5_12_D9,GGCTCTGA,CGGCTATG,12.20.2019,10,13,freezer -80C/Rm#348,TRUE,3,2,CGGCTATG+GGCTCTGA,65473796,2.29,97.17,2.83,19642,100,91.45,35.47
NPB_F5_2_B8_S3,NPB_F5_2_B8_S3,NPB_F5_2_B8,50,11-14-2018,Feces,10.14.2019,Q5,DNA sample 1,freezer -80C/Rm#348,2A2,F5-2,Grp2,491.05,2.04,11.20.2019,NPB-Noyes-Plate#2,50,NPB_F5_2,B8,NPB_F5_2_B8,ATAGAGGC,TAATGCGC,12.20.2019,10,13,freezer -80C/Rm#348,TRUE,3,2,TAATGCGC+ATAGAGGC,64189044,2.24,96.42,3.58,19257,100,91.8,35.55
NPB_F5_3_C8_S4,NPB_F5_3_C8_S4,NPB_F5_3_C8,51,11-14-2018,Feces,10.14.2019,Q5,DNA sample 1,freezer -80C/Rm#348,2A3,F5-3,Grp2,273.6,3.65,11.20.2019,NPB-Noyes-Plate#2,51,NPB_F5_3,C8,NPB_F5_3_C8,CCTATCCT,TAATGCGC,12.20.2019,10,13,freezer -80C/Rm#348,TRUE,3,2,TAATGCGC+CCTATCCT,55932264,1.95,96.69,3.31,16780,100,91.59,35.5
NPB_F5_4_D8_S5,NPB_F5_4_D8_S5,NPB_F5_4_D8,52,11-14-2018,Feces,10.14.2019,Q5,DNA sample 1,freezer -80C/Rm#348,2A4,F5-4,Grp2,505.48,1.98,11.20.2019,NPB-Noyes-Plate#2,52,NPB_F5_4,D8,NPB_F5_4_D8,GGCTCTGA,TAATGCGC,12.20.2019,10,13,freezer -80C/Rm#348,TRUE,3,2,TAATGCGC+GGCTCTGA,49808370,1.74,96.82,3.18,14943,100,91.26,35.44
NPB_F5_5_E8_S6,NPB_F5_5_E8_S6,NPB_F5_5_E8,53,11-14-2018,Feces,10.14.2019,Q5,DNA sample 1,freezer -80C/Rm#348,2A5,F5-5,Grp2,365.7,2.73,11.20.2019,NPB-Noyes-Plate#2,53,NPB_F5_5,E8,NPB_F5_5_E8,AGGCGAAG,TAATGCGC,12.20.2019,10,13,freezer -80C/Rm#348,TRUE,3,2,TAATGCGC+AGGCGAAG,50648779,1.77,95.91,4.09,15195,100,91.34,35.46
NPB_F5_6_F8_S7,NPB_F5_6_F8_S7,NPB_F5_6_F8,54,11-14-2018,Feces,10.14.2019,Q5,DNA sample 1,freezer -80C/Rm#348,2A6,F5-6,Grp2,301.4,3.32,11.20.2019,NPB-Noyes-Plate#2,54,NPB_F5_6,F8,NPB_F5_6_F8,TAATCTTA,TAATGCGC,12.20.2019,10,13,freezer -80C/Rm#348,TRUE,3,2,TAATGCGC+TAATCTTA,59089537,2.06,96.82,3.18,17727,100,91.6,35.5
NPB_F5_7_G8_S8,NPB_F5_7_G8_S8,NPB_F5_7_G8,55,11-14-2018,Feces,10.14.2019,Q5,DNA sample 1,freezer -80C/Rm#348,2B1,F5-7,Grp2,312.13,3.2,11.20.2019,NPB-Noyes-Plate#2,55,NPB_F5_7,G8,NPB_F5_7_G8,CAGGACGT,TAATGCGC,12.20.2019,10,13,freezer -80C/Rm#348,TRUE,3,2,TAATGCGC+CAGGACGT,49518048,1.73,97.43,2.57,14855,100,91.18,35.41
NPB_F5_8_H8_S9,NPB_F5_8_H8_S9,NPB_F5_8_H8,56,11-14-2018,Feces,10.14.2019,Q5,DNA sample 1,freezer -80C/Rm#348,2B2,F5-8,Grp2,440.97,2.27,11.20.2019,NPB-Noyes-Plate#2,56,NPB_F5_8,H8,NPB_F5_8_H8,GTACTGAC,TAATGCGC,12.20.2019,10,13,freezer -80C/Rm#348,TRUE,3,2,TAATGCGC+GTACTGAC,50822617,1.78,96.62,3.38,15247,100,91.04,35.38
NPB_F5_9_A9_S10,NPB_F5_9_A9_S10,NPB_F5_9_A9,57,11-14-2018,Feces,10.14.2019,Q5,DNA sample 1,freezer -80C/Rm#348,2B3,F5-9,Grp2,325.19,3.08,11.20.2019,NPB-Noyes-Plate#2,57,NPB_F5_9,A9,NPB_F5_9_A9,TATAGCCT,CGGCTATG,12.20.2019,10,13,freezer -80C/Rm#348,TRUE,3,2,CGGCTATG+TATAGCCT,51358408,1.79,97.42,2.58,15408,100,91.26,35.43
NPB_F8_1_E12_S38,NPB_F8_1_E12_S38,NPB_F8_1_E12,85,11-19-2018,Feces,10.15.2019,Q8,DNA sample 2,freezer -80C/Rm#348,2A1,F8-1,Grp2,227.98,4.39,11.25.2019,NPB-Noyes-Plate#2,85,NPB_F8_1,E12,NPB_F8_1_E12,AGGCGAAG,AGCGATAG,12.20.2019,10,13,freezer -80C/Rm#348,TRUE,3,2,AGCGATAG+AGGCGAAG,127613809,4.46,96.41,3.59,38284,100,92.16,35.61
NPB_F8_10_F4_S47,NPB_F8_10_F4_S47,NPB_F8_10_F4,94,11-19-2018,Feces,10.15.2019,Q8,DNA sample 2,freezer -80C/Rm#348,2B4,F8-10,Grp2,299.45,3.34,11.25.2019,NPB-Noyes-Plate#2,94,NPB_F8_10,F4,NPB_F8_10_F4,TAATCTTA,GAGATTCC,12.20.2019,10,13,freezer -80C/Rm#348,TRUE,3,2,GAGATTCC+TAATCTTA,55414620,1.94,97.42,2.58,16624,100,92.15,35.61
NPB_F8_11_G4_S1,NPB_F8_11_G4_S1,NPB_F8_11_G4,95,11-19-2018,Feces,10.15.2019,Q8,DNA sample 2,freezer -80C/Rm#348,2B5,F8-11,Grp2,240.14,4.16,11.25.2019,NPB-Noyes-Plate#3,95,NPB_F8_11,G4,NPB_F8_11_G4,CAGGACGT,GAGATTCC,12.20.2019,10,13,freezer -80C/Rm#348,TRUE,3,3,GAGATTCC+CAGGACGT,65348223,2.09,98.49,1.51,19735,100,93.46,35.85
NPB_F8_12_H4_S2,NPB_F8_12_H4_S2,NPB_F8_12_H4,96,11-19-2018,Feces,10.15.2019,Q8,DNA sample 2,freezer -80C/Rm#348,2B6,F8-12,Grp2,375.56,2.66,11.26.2019,NPB-Noyes-Plate#3,96,NPB_F8_12,H4,NPB_F8_12_H4,GTACTGAC,GAGATTCC,12.20.2019,10,13,freezer -80C/Rm#348,TRUE,3,3,GAGATTCC+GTACTGAC,48351871,1.54,98.03,1.97,14602,100,93.26,35.8
NPB_F8_2_F12_S39,NPB_F8_2_F12_S39,NPB_F8_2_F12,86,11-19-2018,Feces,10.15.2019,Q8,DNA sample 2,freezer -80C/Rm#348,2A2,F8-2,Grp2,379.19,2.64,11.25.2019,NPB-Noyes-Plate#2,86,NPB_F8_2,F12,NPB_F8_2_F12,TAATCTTA,AGCGATAG,12.20.2019,10,13,freezer -80C/Rm#348,TRUE,3,2,AGCGATAG+TAATCTTA,901807,0.03,96.14,3.86,271,100,91.88,35.55
NPB_F8_3_G12_S40,NPB_F8_3_G12_S40,NPB_F8_3_G12,87,11-19-2018,Feces,10.15.2019,Q8,DNA sample 2,freezer -80C/Rm#348,2A3,F8-3,Grp2,336.23,2.97,11.25.2019,NPB-Noyes-Plate#2,87,NPB_F8_3,G12,NPB_F8_3_G12,CAGGACGT,AGCGATAG,12.20.2019,10,13,freezer -80C/Rm#348,TRUE,3,2,AGCGATAG+CAGGACGT,56333353,1.97,97.7,2.3,16900,100,92.15,35.61
NPB_F8_4_H12_S41,NPB_F8_4_H12_S41,NPB_F8_4_H12,88,11-19-2018,Feces,10.15.2019,Q8,DNA sample 2,freezer -80C/Rm#348,2A4,F8-4,Grp2,279.51,3.58,11.25.2019,NPB-Noyes-Plate#2,88,NPB_F8_4,H12,NPB_F8_4_H12,GTACTGAC,AGCGATAG,12.20.2019,10,13,freezer -80C/Rm#348,TRUE,3,2,AGCGATAG+GTACTGAC,3116382,0.11,96.77,3.23,935,100,91.73,35.51
NPB_F8_5_A4_S42,NPB_F8_5_A4_S42,NPB_F8_5_A4,89,11-19-2018,Feces,10.15.2019,Q8,DNA sample 2,freezer -80C/Rm#348,2A5,F8-5,Grp2,221.46,4.52,11.25.2019,NPB-Noyes-Plate#2,89,NPB_F8_5,A4,NPB_F8_5_A4,TATAGCCT,GAGATTCC,12.20.2019,10,13,freezer -80C/Rm#348,TRUE,3,2,GAGATTCC+TATAGCCT,64791685,2.26,97.42,2.58,19438,100,92,35.58
NPB_F8_6_B4_S43,NPB_F8_6_B4_S43,NPB_F8_6_B4,90,11-19-2018,Feces,10.15.2019,Q8,DNA sample 2,freezer -80C/Rm#348,2A6,F8-6,Grp2,282.34,3.54,11.25.2019,NPB-Noyes-Plate#2,90,NPB_F8_6,B4,NPB_F8_6_B4,ATAGAGGC,GAGATTCC,12.20.2019,10,13,freezer -80C/Rm#348,TRUE,3,2,GAGATTCC+ATAGAGGC,68519636,2.39,97.41,2.59,20556,100,92.2,35.61
NPB_F8_7_C4_S44,NPB_F8_7_C4_S44,NPB_F8_7_C4,91,11-19-2018,Feces,10.15.2019,Q8,DNA sample 2,freezer -80C/Rm#348,2B1,F8-7,Grp2,288.64,3.46,11.25.2019,NPB-Noyes-Plate#2,91,NPB_F8_7,C4,NPB_F8_7_C4,CCTATCCT,GAGATTCC,12.20.2019,10,13,freezer -80C/Rm#348,TRUE,3,2,GAGATTCC+CCTATCCT,53202333,1.86,97.2,2.8,15961,100,92.5,35.69
NPB_F8_8_D4_S45,NPB_F8_8_D4_S45,NPB_F8_8_D4,92,11-19-2018,Feces,10.15.2019,Q8,DNA sample 2,freezer -80C/Rm#348,2B2,F8-8,Grp2,365.72,2.73,11.25.2019,NPB-Noyes-Plate#2,92,NPB_F8_8,D4,NPB_F8_8_D4,GGCTCTGA,GAGATTCC,12.20.2019,10,13,freezer -80C/Rm#348,TRUE,3,2,GAGATTCC+GGCTCTGA,59661855,2.08,97.22,2.78,17899,100,91.88,35.56
NPB_F8_9_E4_S46,NPB_F8_9_E4_S46,NPB_F8_9_E4,93,11-19-2018,Feces,10.15.2019,Q8,DNA sample 2,freezer -80C/Rm#348,2B3,F8-9,Grp2,239.67,4.17,11.25.2019,NPB-Noyes-Plate#2,93,NPB_F8_9,E4,NPB_F8_9_E4,AGGCGAAG,GAGATTCC,12.20.2019,10,13,freezer -80C/Rm#348,TRUE,3,2,GAGATTCC+AGGCGAAG,68590586,2.4,96.79,3.21,20577,100,92.47,35.68
NPB_F12_1_E9_S39,NPB_F12_1_E9_S39,NPB_F12_1_E9,133,12-19-2018,Feces,10.21.2019,Q12,DNA sample 3,freezer -80C/Rm#348,3A1,F12-1,Grp3,298.82,3.35,12.10.2019,NPB-Noyes-Plate#3,133,NPB_F12_1,E9,NPB_F12_1_E9,AGGCGAAG,CGGCTATG,12.20.2019,10,13,freezer -80C/Rm#348,TRUE,3,3,CGGCTATG+AGGCGAAG,69995285,2.23,97.81,2.19,21139,100,93.34,35.82
NPB_F12_10_F10_S48,NPB_F12_10_F10_S48,NPB_F12_10_F10,142,12-19-2018,Feces,10.21.2019,Q12,DNA sample 3,freezer -80C/Rm#348,3B4,F12-10,Grp3,279.84,3.57,12.10.2019,NPB-Noyes-Plate#4,142,NPB_F12_10,F10,NPB_F12_10_F10,TAATCTTA,TCCGCGAA,12.20.2019,10,13,freezer -80C/Rm#348,TRUE,4,4,TCCGCGAA+TAATCTTA,88477538,2.76,98.57,1.43,26720,100,93.45,35.85
NPB_F12_11_G10_S49,NPB_F12_11_G10_S49,NPB_F12_11_G10,143,12-19-2018,Feces,10.21.2019,Q12,DNA sample 3,freezer -80C/Rm#348,3B5,F12-11,Grp3,360.79,2.77,12.10.2019,NPB-Noyes-Plate#4,143,NPB_F12_11,G10,NPB_F12_11_G10,CAGGACGT,TCCGCGAA,12.20.2019,10,13,freezer -80C/Rm#348,TRUE,4,4,TCCGCGAA+CAGGACGT,83712592,2.61,98.93,1.07,25281,100,93.38,35.82
NPB_F12_12_H10_S50,NPB_F12_12_H10_S50,NPB_F12_12_H10,144,12-19-2018,Feces,10.21.2019,Q12,DNA sample 3,freezer -80C/Rm#348,3B6,F12-12,Grp3,299.96,3.33,12.10.2019,NPB-Noyes-Plate#4,144,NPB_F12_12,H10,NPB_F12_12_H10,GTACTGAC,TCCGCGAA,12.20.2019,10,13,freezer -80C/Rm#348,TRUE,4,4,TCCGCGAA+GTACTGAC,87503667,2.73,98.48,1.52,26426,100,92.97,35.74
NPB_F12_2_F9_S40,NPB_F12_2_F9_S40,NPB_F12_2_F9,134,12-19-2018,Feces,10.21.2019,Q12,DNA sample 3,freezer -80C/Rm#348,3A2,F12-2,Grp3,395.42,2.53,12.10.2019,NPB-Noyes-Plate#3,134,NPB_F12_2,F9,NPB_F12_2_F9,TAATCTTA,CGGCTATG,12.20.2019,10,13,freezer -80C/Rm#348,TRUE,3,3,CGGCTATG+TAATCTTA,76830312,2.45,98.28,1.72,23203,100,93.25,35.81
NPB_F12_3_G9_S41,NPB_F12_3_G9_S41,NPB_F12_3_G9,135,12-19-2018,Feces,10.21.2019,Q12,DNA sample 3,freezer -80C/Rm#348,3A3,F12-3,Grp3,441.74,2.26,12.10.2019,NPB-Noyes-Plate#3,135,NPB_F12_3,G9,NPB_F12_3_G9,CAGGACGT,CGGCTATG,12.20.2019,10,13,freezer -80C/Rm#348,TRUE,3,3,CGGCTATG+CAGGACGT,64559716,2.06,98.6,1.4,19497,100,93.29,35.81
NPB_F12_4_H9_S42,NPB_F12_4_H9_S42,NPB_F12_4_H9,136,12-19-2018,Feces,10.21.2019,Q12,DNA sample 3,freezer -80C/Rm#348,3A4,F12-4,Grp3,380.69,2.63,12.10.2019,NPB-Noyes-Plate#3,136,NPB_F12_4,H9,NPB_F12_4_H9,GTACTGAC,CGGCTATG,12.20.2019,10,13,freezer -80C/Rm#348,TRUE,3,3,CGGCTATG+GTACTGAC,59150291,1.89,98.22,1.78,17863,100,92.81,35.7
NPB_F12_5_A10_S43,NPB_F12_5_A10_S43,NPB_F12_5_A10,137,12-19-2018,Feces,10.21.2019,Q12,DNA sample 3,freezer -80C/Rm#348,3A5,F12-5,Grp3,319.87,3.13,12.10.2019,NPB-Noyes-Plate#3,137,NPB_F12_5,A10,NPB_F12_5_A10,TATAGCCT,TCCGCGAA,12.20.2019,10,13,freezer -80C/Rm#348,TRUE,3,3,TCCGCGAA+TATAGCCT,71536671,2.28,98.41,1.59,21604,100,93.1,35.76
NPB_F12_6_B10_S44,NPB_F12_6_B10_S44,NPB_F12_6_B10,138,12-19-2018,Feces,10.21.2019,Q12,DNA sample 3,freezer -80C/Rm#348,3A6,F12-6,Grp3,226.04,4.42,12.10.2019,NPB-Noyes-Plate#3,138,NPB_F12_6,B10,NPB_F12_6_B10,ATAGAGGC,TCCGCGAA,12.20.2019,10,13,freezer -80C/Rm#348,TRUE,3,3,TCCGCGAA+ATAGAGGC,78258974,2.5,98.32,1.68,23634,100,93.57,35.87
NPB_F12_7_C10_S45,NPB_F12_7_C10_S45,NPB_F12_7_C10,139,12-19-2018,Feces,10.21.2019,Q12,DNA sample 3,freezer -80C/Rm#348,3B1,F12-7,Grp3,253.3,3.95,12.10.2019,NPB-Noyes-Plate#3,139,NPB_F12_7,C10,NPB_F12_7_C10,CCTATCCT,TCCGCGAA,12.20.2019,10,13,freezer -80C/Rm#348,TRUE,3,3,TCCGCGAA+CCTATCCT,85403451,2.73,98.35,1.65,25792,100,93.2,35.8
NPB_F12_8_D10_S46,NPB_F12_8_D10_S46,NPB_F12_8_D10,140,12-19-2018,Feces,10.21.2019,Q12,DNA sample 3,freezer -80C/Rm#348,3B2,F12-8,Grp3,303.81,3.29,12.10.2019,NPB-Noyes-Plate#3,140,NPB_F12_8,D10,NPB_F12_8_D10,GGCTCTGA,TCCGCGAA,12.20.2019,10,13,freezer -80C/Rm#348,TRUE,3,3,TCCGCGAA+GGCTCTGA,67789332,2.16,98.24,1.76,20472,100,93.22,35.79
NPB_F12_9_E10_S47,NPB_F12_9_E10_S47,NPB_F12_9_E10,141,12-19-2018,Feces,10.21.2019,Q12,DNA sample 3,freezer -80C/Rm#348,3B3,F12-9,Grp3,161.42,6.19,12.10.2019,NPB-Noyes-Plate#4,141,NPB_F12_9,E10,NPB_F12_9_E10,AGGCGAAG,TCCGCGAA,12.20.2019,10,13,freezer -80C/Rm#348,TRUE,4,4,TCCGCGAA+AGGCGAAG,87132897,2.71,98.19,1.81,26314,100,93.56,35.86
NPB_F15_1_A2_S75,NPB_F15_1_A2_S75,NPB_F15_1_A2,169,2-27-2019,Feces,10.22.2019,Q15,DNA sample 3,freezer -80C/Rm#348,3A1,F15-1,Grp3,215.09,4.65,12.11.2019,NPB-Noyes-Plate#4,169,NPB_F15_1,A2,NPB_F15_1_A2,TATAGCCT,TCCGGAGA,12.20.2019,10,13,freezer -80C/Rm#348,TRUE,4,4,TCCGGAGA+TATAGCCT,59049740,1.84,98.69,1.31,17833,100,93.22,35.81
NPB_F15_10_B3_S84,NPB_F15_10_B3_S84,NPB_F15_10_B3,178,2-27-2019,Feces,10.22.2019,Q15,DNA sample 3,freezer -80C/Rm#348,3B4,F15-10,Grp3,261.42,3.83,12.11.2019,NPB-Noyes-Plate#4,178,NPB_F15_10,B3,NPB_F15_10_B3,ATAGAGGC,CGCTCATT,12.20.2019,10,13,freezer -80C/Rm#348,TRUE,4,4,CGCTCATT+ATAGAGGC,65269977,2.03,98.39,1.61,19712,100,93.68,35.91
NPB_F15_11_C3_S85,NPB_F15_11_C3_S85,NPB_F15_11_C3,179,2-27-2019,Feces,10.22.2019,Q15,DNA sample 3,freezer -80C/Rm#348,3B5,F15-11,Grp3,273.81,3.65,12.11.2019,NPB-Noyes-Plate#4,179,NPB_F15_11,C3,NPB_F15_11_C3,CCTATCCT,CGCTCATT,12.20.2019,10,13,freezer -80C/Rm#348,TRUE,4,4,CGCTCATT+CCTATCCT,77291062,2.41,98.26,1.74,23342,100,93.6,35.89
NPB_F15_12_D3_S86,NPB_F15_12_D3_S86,NPB_F15_12_D3,180,2-27-2019,Feces,10.22.2019,Q15,DNA sample 3,freezer -80C/Rm#348,3B6,F15-12,Grp3,193.63,5.16,12.11.2019,NPB-Noyes-Plate#4,180,NPB_F15_12,D3,NPB_F15_12_D3,GGCTCTGA,CGCTCATT,12.20.2019,10,13,freezer -80C/Rm#348,TRUE,4,4,CGCTCATT+GGCTCTGA,55446616,1.73,98.23,1.77,16745,100,93.67,35.91
NPB_F15_2_B2_S76,NPB_F15_2_B2_S76,NPB_F15_2_B2,170,2-27-2019,Feces,10.22.2019,Q15,DNA sample 3,freezer -80C/Rm#348,3A2,F15-2,Grp3,271.98,3.68,12.11.2019,NPB-Noyes-Plate#4,170,NPB_F15_2,B2,NPB_F15_2_B2,ATAGAGGC,TCCGGAGA,12.20.2019,10,13,freezer -80C/Rm#348,TRUE,4,4,TCCGGAGA+ATAGAGGC,62062880,1.93,98.73,1.27,18743,100,93.42,35.86
NPB_F15_3_C2_S77,NPB_F15_3_C2_S77,NPB_F15_3_C2,171,2-27-2019,Feces,10.22.2019,Q15,DNA sample 3,freezer -80C/Rm#348,3A3,F15-3,Grp3,296.5,3.37,12.11.2019,NPB-Noyes-Plate#4,171,NPB_F15_3,C2,NPB_F15_3_C2,CCTATCCT,TCCGGAGA,12.20.2019,10,13,freezer -80C/Rm#348,TRUE,4,4,TCCGGAGA+CCTATCCT,71740282,2.23,98.68,1.32,21666,100,93.37,35.85
NPB_F15_4_D2_S78,NPB_F15_4_D2_S78,NPB_F15_4_D2,172,2-27-2019,Feces,10.22.2019,Q15,DNA sample 3,freezer -80C/Rm#348,3A4,F15-4,Grp3,297.53,3.36,12.11.2019,NPB-Noyes-Plate#4,172,NPB_F15_4,D2,NPB_F15_4_D2,GGCTCTGA,TCCGGAGA,12.20.2019,10,13,freezer -80C/Rm#348,TRUE,4,4,TCCGGAGA+GGCTCTGA,61902619,1.93,98.56,1.44,18695,100,93.42,35.86
NPB_F15_5_E2_S79,NPB_F15_5_E2_S79,NPB_F15_5_E2,173,2-27-2019,Feces,10.22.2019,Q15,DNA sample 3,freezer -80C/Rm#348,3A5,F15-5,Grp3,299.35,3.34,12.11.2019,NPB-Noyes-Plate#4,173,NPB_F15_5,E2,NPB_F15_5_E2,AGGCGAAG,TCCGGAGA,12.20.2019,10,13,freezer -80C/Rm#348,TRUE,4,4,TCCGGAGA+AGGCGAAG,70477463,2.2,98.13,1.87,21284,100,93.54,35.89
NPB_F15_6_F2_S80,NPB_F15_6_F2_S80,NPB_F15_6_F2,174,2-27-2019,Feces,10.22.2019,Q15,DNA sample 3,freezer -80C/Rm#348,3A6,F15-6,Grp3,329.71,3.03,12.11.2019,NPB-Noyes-Plate#4,174,NPB_F15_6,F2,NPB_F15_6_F2,TAATCTTA,TCCGGAGA,12.20.2019,10,13,freezer -80C/Rm#348,TRUE,4,4,TCCGGAGA+TAATCTTA,71334687,2.22,98.64,1.36,21543,100,93.34,35.85
NPB_F15_7_G2_S81,NPB_F15_7_G2_S81,NPB_F15_7_G2,175,2-27-2019,Feces,10.22.2019,Q15,DNA sample 3,freezer -80C/Rm#348,3B1,F15-7,Grp3,182.98,5.47,12.11.2019,NPB-Noyes-Plate#4,175,NPB_F15_7,G2,NPB_F15_7_G2,CAGGACGT,TCCGGAGA,12.20.2019,10,13,freezer -80C/Rm#348,TRUE,4,4,TCCGGAGA+CAGGACGT,52611725,1.64,98.97,1.03,15889,100,92.89,35.74
NPB_F15_8_H2_S82,NPB_F15_8_H2_S82,NPB_F15_8_H2,176,2-27-2019,Feces,10.22.2019,Q15,DNA sample 3,freezer -80C/Rm#348,3B2,F15-8,Grp3,266.44,3.75,12.11.2019,NPB-Noyes-Plate#4,176,NPB_F15_8,H2,NPB_F15_8_H2,GTACTGAC,TCCGGAGA,12.20.2019,10,13,freezer -80C/Rm#348,TRUE,4,4,TCCGGAGA+GTACTGAC,54111175,1.69,98.56,1.44,16342,100,93.07,35.78
NPB_F15_9_A3_S83,NPB_F15_9_A3_S83,NPB_F15_9_A3,177,2-27-2019,Feces,10.22.2019,Q15,DNA sample 3,freezer -80C/Rm#348,3B3,F15-9,Grp3,286.11,3.5,12.11.2019,NPB-Noyes-Plate#4,177,NPB_F15_9,A3,NPB_F15_9_A3,TATAGCCT,CGCTCATT,12.20.2019,10,13,freezer -80C/Rm#348,TRUE,4,4,CGCTCATT+TATAGCCT,70847804,2.21,98.38,1.62,21396,100,93.28,35.83
NPB_F18_1_E6_S66,NPB_F18_1_E6_S66,NPB_F18_1_E6,205,9-28-2018,Feces,11.12.2019,Q18,DNA sample 4,freezer -80C/Rm#348,3A1,F18-1,Grp3,35.2,28.4,12.16.2019,NPB-Noyes-Plate#5,205,NPB_F18_1,E6,NPB_F18_1_E6,AGGCGAAG,GAATTCGT,12.20.2019,10,13,freezer -80C/Rm#348,TRUE,2,5,GAATTCGT+AGGCGAAG,65542324,2.05,97.6,2.4,19794,100,93.36,35.83
NPB_F18_10_F7_S75,NPB_F18_10_F7_S75,NPB_F18_10_F7,214,9-28-2018,Feces,11.12.2019,Q18,DNA sample 4,freezer -80C/Rm#348,3B4,F18-10,Grp3,21.9,45.63,12.16.2019,NPB-Noyes-Plate#5,214,NPB_F18_10,F7,NPB_F18_10_F7,TAATCTTA,CTGAAGCT,12.20.2019,10,13,freezer -80C/Rm#348,TRUE,2,5,CTGAAGCT+TAATCTTA,77164087,2.41,98.22,1.78,23304,100,93.26,35.82
NPB_F18_11_G7_S76,NPB_F18_11_G7_S76,NPB_F18_11_G7,215,9-28-2018,Feces,11.12.2019,Q18,DNA sample 4,freezer -80C/Rm#348,3B5,F18-11,Grp3,117.6,8.5,12.16.2019,NPB-Noyes-Plate#5,215,NPB_F18_11,G7,NPB_F18_11_G7,CAGGACGT,CTGAAGCT,12.20.2019,10,13,freezer -80C/Rm#348,TRUE,2,5,CTGAAGCT+CAGGACGT,68765484,2.15,98.62,1.38,20767,100,93.46,35.86
NPB_F18_12_H7_S77,NPB_F18_12_H7_S77,NPB_F18_12_H7,216,9-28-2018,Feces,11.12.2019,Q18,DNA sample 4,freezer -80C/Rm#348,3B6,F18-12,Grp3,120.1,8.32,12.16.2019,NPB-Noyes-Plate#5,216,NPB_F18_12,H7,NPB_F18_12_H7,GTACTGAC,CTGAAGCT,12.20.2019,10,13,freezer -80C/Rm#348,TRUE,2,5,CTGAAGCT+GTACTGAC,63581000,1.99,98.34,1.66,19201,100,92,35.56
NPB_F18_2_F6_S67,NPB_F18_2_F6_S67,NPB_F18_2_F6,206,9-28-2018,Feces,11.12.2019,Q18,DNA sample 4,freezer -80C/Rm#348,3A2,F18-2,Grp3,42.6,23.48,12.16.2019,NPB-Noyes-Plate#5,206,NPB_F18_2,F6,NPB_F18_2_F6,TAATCTTA,GAATTCGT,12.20.2019,10,13,freezer -80C/Rm#348,TRUE,2,5,GAATTCGT+TAATCTTA,64441110,2.01,98.18,1.82,19461,100,93.45,35.85
NPB_F18_3_G6_S68,NPB_F18_3_G6_S68,NPB_F18_3_G6,207,9-28-2018,Feces,11.12.2019,Q18,DNA sample 4,freezer -80C/Rm#348,3A3,F18-3,Grp3,93.6,10.68,12.16.2019,NPB-Noyes-Plate#5,207,NPB_F18_3,G6,NPB_F18_3_G6,CAGGACGT,GAATTCGT,12.20.2019,10,13,freezer -80C/Rm#348,TRUE,2,5,GAATTCGT+CAGGACGT,65586353,2.05,98.66,1.34,19807,100,93.83,35.93
NPB_F18_4_H6_S69,NPB_F18_4_H6_S69,NPB_F18_4_H6,208,9-28-2018,Feces,11.12.2019,Q18,DNA sample 4,freezer -80C/Rm#348,3A4,F18-4,Grp3,49.8,20.09,12.16.2019,NPB-Noyes-Plate#5,208,NPB_F18_4,H6,NPB_F18_4_H6,GTACTGAC,GAATTCGT,12.20.2019,10,13,freezer -80C/Rm#348,TRUE,2,5,GAATTCGT+GTACTGAC,62917424,1.97,98.32,1.68,19001,100,93.1,35.77
NPB_F18_5_A7_S70,NPB_F18_5_A7_S70,NPB_F18_5_A7,209,9-28-2018,Feces,11.12.2019,Q18,DNA sample 4,freezer -80C/Rm#348,3A5,F18-5,Grp3,51.2,19.52,12.16.2019,NPB-Noyes-Plate#5,209,NPB_F18_5,A7,NPB_F18_5_A7,TATAGCCT,CTGAAGCT,12.20.2019,10,13,freezer -80C/Rm#348,TRUE,2,5,CTGAAGCT+TATAGCCT,67400320,2.11,98.34,1.66,20355,100,92.9,35.74
NPB_F18_6_B7_S71,NPB_F18_6_B7_S71,NPB_F18_6_B7,210,9-28-2018,Feces,11.12.2019,Q18,DNA sample 4,freezer -80C/Rm#348,3A6,F18-6,Grp3,38,26.34,12.16.2019,NPB-Noyes-Plate#5,210,NPB_F18_6,B7,NPB_F18_6_B7,ATAGAGGC,CTGAAGCT,12.20.2019,10,13,freezer -80C/Rm#348,TRUE,2,5,CTGAAGCT+ATAGAGGC,73004933,2.28,98.25,1.75,22047,100,93.49,35.87
NPB_F18_7_C7_S72,NPB_F18_7_C7_S72,NPB_F18_7_C7,211,9-28-2018,Feces,11.12.2019,Q18,DNA sample 4,freezer -80C/Rm#348,3B1,F18-7,Grp3,95.1,10.52,12.16.2019,NPB-Noyes-Plate#5,211,NPB_F18_7,C7,NPB_F18_7_C7,CCTATCCT,CTGAAGCT,12.20.2019,10,13,freezer -80C/Rm#348,TRUE,2,5,CTGAAGCT+CCTATCCT,73582627,2.3,98.23,1.77,22222,100,92.92,35.75
NPB_F18_8_D7_S73,NPB_F18_8_D7_S73,NPB_F18_8_D7,212,9-28-2018,Feces,11.12.2019,Q18,DNA sample 4,freezer -80C/Rm#348,3B2,F18-8,Grp3,27.8,35.96,12.16.2019,NPB-Noyes-Plate#5,212,NPB_F18_8,D7,NPB_F18_8_D7,GGCTCTGA,CTGAAGCT,12.20.2019,10,13,freezer -80C/Rm#348,TRUE,2,5,CTGAAGCT+GGCTCTGA,65994360,2.06,98.01,1.99,19930,100,93.08,35.79
NPB_F18_9_E7_S74,NPB_F18_9_E7_S74,NPB_F18_9_E7,213,9-28-2018,Feces,11.12.2019,Q18,DNA sample 4,freezer -80C/Rm#348,3B3,F18-9,Grp3,81.8,12.22,12.16.2019,NPB-Noyes-Plate#5,213,NPB_F18_9,E7,NPB_F18_9_E7,AGGCGAAG,CTGAAGCT,12.20.2019,10,13,freezer -80C/Rm#348,TRUE,2,5,CTGAAGCT+AGGCGAAG,67395632,2.11,97.58,2.42,20353,100,93.14,35.79
NPB_F3_1_A5_S25,NPB_F3_1_A5_S25,NPB_F3_1_A5,25,10-10-2018,Feces,10.10.2019,Q3,DNA sample 1,freezer -80C/Rm#348,3A1,F3-1,Grp3,218.64,4.57,11.19.2019,NPB-Noyes-Plate#1,25,NPB_F3_1,A5,NPB_F3_1_A5,TATAGCCT,ATTCAGAA,12.20.2019,10,13,freezer -80C/Rm#348,TRUE,1,1,ATTCAGAA+TATAGCCT,62818920,1.95,98.55,1.45,18971,100,93.54,35.86
NPB_F3_10_B6_S34,NPB_F3_10_B6_S34,NPB_F3_10_B6,34,10-10-2018,Feces,10.10.2019,Q3,DNA sample 1,freezer -80C/Rm#348,3B4,F3-10,Grp3,283.14,3.53,11.20.2019,NPB-Noyes-Plate#1,34,NPB_F3_10,B6,NPB_F3_10_B6,ATAGAGGC,GAATTCGT,12.20.2019,10,13,freezer -80C/Rm#348,TRUE,1,1,GAATTCGT+ATAGAGGC,67342729,2.09,98.66,1.34,20338,100,93.93,35.94
NPB_F3_11_C6_S35,NPB_F3_11_C6_S35,NPB_F3_11_C6,35,10-10-2018,Feces,10.10.2019,Q3,DNA sample 1,freezer -80C/Rm#348,3B5,F3-11,Grp3,280.75,3.56,11.20.2019,NPB-Noyes-Plate#1,35,NPB_F3_11,C6,NPB_F3_11_C6,CCTATCCT,GAATTCGT,12.20.2019,10,13,freezer -80C/Rm#348,TRUE,1,1,GAATTCGT+CCTATCCT,50786662,1.57,98.63,1.37,15338,100,93.73,35.89
NPB_F3_12_D6_S36,NPB_F3_12_D6_S36,NPB_F3_12_D6,36,10-10-2018,Feces,10.10.2019,Q3,DNA sample 1,freezer -80C/Rm#348,3B6,F3-12,Grp3,366.88,2.73,11.20.2019,NPB-Noyes-Plate#1,36,NPB_F3_12,D6,NPB_F3_12_D6,GGCTCTGA,GAATTCGT,12.20.2019,10,13,freezer -80C/Rm#348,TRUE,1,1,GAATTCGT+GGCTCTGA,87640629,2.72,98.56,1.44,26467,100,93.83,35.92
NPB_F3_2_B5_S26,NPB_F3_2_B5_S26,NPB_F3_2_B5,26,10-10-2018,Feces,10.10.2019,Q3,DNA sample 1,freezer -80C/Rm#348,3A2,F3-2,Grp3,279.2,3.58,11.19.2019,NPB-Noyes-Plate#1,26,NPB_F3_2,B5,NPB_F3_2_B5,ATAGAGGC,ATTCAGAA,12.20.2019,10,13,freezer -80C/Rm#348,TRUE,1,1,ATTCAGAA+ATAGAGGC,65119963,2.02,98.47,1.53,19666,100,93.95,35.96
NPB_F3_3_C5_S27,NPB_F3_3_C5_S27,NPB_F3_3_C5,27,10-10-2018,Feces,10.10.2019,Q3,DNA sample 1,freezer -80C/Rm#348,3A3,F3-3,Grp3,190.92,5.24,11.19.2019,NPB-Noyes-Plate#1,27,NPB_F3_3,C5,NPB_F3_3_C5,CCTATCCT,ATTCAGAA,12.20.2019,10,13,freezer -80C/Rm#348,TRUE,1,1,ATTCAGAA+CCTATCCT,59301375,1.84,98.43,1.57,17909,100,93.74,35.91
NPB_F3_4_D5_S28,NPB_F3_4_D5_S28,NPB_F3_4_D5,28,10-10-2018,Feces,10.10.2019,Q3,DNA sample 1,freezer -80C/Rm#348,3A4,F3-4,Grp3,204.25,4.9,11.19.2019,NPB-Noyes-Plate#1,28,NPB_F3_4,D5,NPB_F3_4_D5,GGCTCTGA,ATTCAGAA,12.20.2019,10,13,freezer -80C/Rm#348,TRUE,1,1,ATTCAGAA+GGCTCTGA,45336965,1.41,98.41,1.59,13692,100,93.19,35.8
NPB_F3_5_E5_S29,NPB_F3_5_E5_S29,NPB_F3_5_E5,29,10-10-2018,Feces,10.10.2019,Q3,DNA sample 1,freezer -80C/Rm#348,3A5,F3-5,Grp3,229.08,4.37,11.19.2019,NPB-Noyes-Plate#1,29,NPB_F3_5,E5,NPB_F3_5_E5,AGGCGAAG,ATTCAGAA,12.20.2019,10,13,freezer -80C/Rm#348,TRUE,1,1,ATTCAGAA+AGGCGAAG,58870312,1.82,97.93,2.07,17779,100,93.28,35.82
NPB_F3_6_F5_S30,NPB_F3_6_F5_S30,NPB_F3_6_F5,30,10-10-2018,Feces,10.10.2019,Q3,DNA sample 1,freezer -80C/Rm#348,3A6,F3-6,Grp3,220.37,4.54,11.19.2019,NPB-Noyes-Plate#1,30,NPB_F3_6,F5,NPB_F3_6_F5,TAATCTTA,ATTCAGAA,12.20.2019,10,13,freezer -80C/Rm#348,TRUE,1,1,ATTCAGAA+TAATCTTA,59104793,1.83,98.47,1.53,17850,100,93.6,35.89
NPB_F3_7_G5_S31,NPB_F3_7_G5_S31,NPB_F3_7_G5,31,10-10-2018,Feces,10.10.2019,Q3,DNA sample 1,freezer -80C/Rm#348,3B1,F3-7,Grp3,179.92,5.56,11.19.2019,NPB-Noyes-Plate#1,31,NPB_F3_7,G5,NPB_F3_7_G5,CAGGACGT,ATTCAGAA,12.20.2019,10,13,freezer -80C/Rm#348,TRUE,1,1,ATTCAGAA+CAGGACGT,51487226,1.6,98.62,1.38,15549,100,93.01,35.76
NPB_F3_8_H5_S32,NPB_F3_8_H5_S32,NPB_F3_8_H5,32,10-10-2018,Feces,10.10.2019,Q3,DNA sample 1,freezer -80C/Rm#348,3B2,F3-8,Grp3,198.67,5.03,11.19.2019,NPB-Noyes-Plate#1,32,NPB_F3_8,H5,NPB_F3_8_H5,GTACTGAC,ATTCAGAA,12.20.2019,10,13,freezer -80C/Rm#348,TRUE,1,1,ATTCAGAA+GTACTGAC,66028253,2.05,98.13,1.87,19941,100,92.41,35.64
NPB_F3_9_A6_S33,NPB_F3_9_A6_S33,NPB_F3_9_A6,33,10-10-2018,Feces,10.10.2019,Q3,DNA sample 1,freezer -80C/Rm#348,3B3,F3-9,Grp3,167.69,5.96,11.20.2019,NPB-Noyes-Plate#1,33,NPB_F3_9,A6,NPB_F3_9_A6,TATAGCCT,GAATTCGT,12.20.2019,10,13,freezer -80C/Rm#348,TRUE,1,1,GAATTCGT+TATAGCCT,76310460,2.37,98.71,1.29,23046,100,93.71,35.88
NPB_F6_1_E9_S14,NPB_F6_1_E9_S14,NPB_F6_1_E9,61,11-14-2018,Feces,10.14.2019,Q6,DNA sample 2,freezer -80C/Rm#348,3A1,F6-1,Grp3,281.31,3.55,11.20.2019,NPB-Noyes-Plate#2,61,NPB_F6_1,E9,NPB_F6_1_E9,AGGCGAAG,CGGCTATG,12.20.2019,10,13,freezer -80C/Rm#348,TRUE,3,2,CGGCTATG+AGGCGAAG,55130203,1.93,96.58,3.42,16539,100,91.66,35.51
NPB_F6_10_F10_S23,NPB_F6_10_F10_S23,NPB_F6_10_F10,70,11-14-2018,Feces,10.14.2019,Q6,DNA sample 2,freezer -80C/Rm#348,3B4,F6-10,Grp3,271.36,3.69,11.25.2019,NPB-Noyes-Plate#2,70,NPB_F6_10,F10,NPB_F6_10_F10,TAATCTTA,TCCGCGAA,12.20.2019,10,13,freezer -80C/Rm#348,TRUE,3,2,TCCGCGAA+TAATCTTA,66537356,2.32,97.5,2.5,19961,100,91.83,35.55
NPB_F6_11_G10_S24,NPB_F6_11_G10_S24,NPB_F6_11_G10,71,11-14-2018,Feces,10.14.2019,Q6,DNA sample 2,freezer -80C/Rm#348,3B5,F6-11,Grp3,365.26,2.74,11.25.2019,NPB-Noyes-Plate#2,71,NPB_F6_11,G10,NPB_F6_11_G10,CAGGACGT,TCCGCGAA,12.20.2019,10,13,freezer -80C/Rm#348,TRUE,3,2,TCCGCGAA+CAGGACGT,67196344,2.35,98.18,1.82,20159,100,91.69,35.52
NPB_F6_12_H10_S25,NPB_F6_12_H10_S25,NPB_F6_12_H10,72,11-14-2018,Feces,10.14.2019,Q6,DNA sample 2,freezer -80C/Rm#348,3B6,F6-12,Grp3,331.2,3.02,11.25.2019,NPB-Noyes-Plate#2,72,NPB_F6_12,H10,NPB_F6_12_H10,GTACTGAC,TCCGCGAA,12.20.2019,10,13,freezer -80C/Rm#348,TRUE,3,2,TCCGCGAA+GTACTGAC,61697457,2.16,97.07,2.93,18509,100,91.15,35.4
NPB_F6_2_F9_S15,NPB_F6_2_F9_S15,NPB_F6_2_F9,62,11-14-2018,Feces,10.14.2019,Q6,DNA sample 2,freezer -80C/Rm#348,3A2,F6-2,Grp3,344.58,2.9,11.20.2019,NPB-Noyes-Plate#2,62,NPB_F6_2,F9,NPB_F6_2_F9,TAATCTTA,CGGCTATG,12.20.2019,10,13,freezer -80C/Rm#348,TRUE,3,2,CGGCTATG+TAATCTTA,43583577,1.52,97.19,2.81,13075,100,91.48,35.48
NPB_F6_3_G9_S16,NPB_F6_3_G9_S16,NPB_F6_3_G9,63,11-14-2018,Feces,10.14.2019,Q6,DNA sample 2,freezer -80C/Rm#348,3A3,F6-3,Grp3,302.15,3.31,11.20.2019,NPB-Noyes-Plate#2,63,NPB_F6_3,G9,NPB_F6_3_G9,CAGGACGT,CGGCTATG,12.20.2019,10,13,freezer -80C/Rm#348,TRUE,3,2,CGGCTATG+CAGGACGT,55909249,1.95,97.85,2.15,16773,100,91.65,35.51
NPB_F6_4_H9_S17,NPB_F6_4_H9_S17,NPB_F6_4_H9,64,11-14-2018,Feces,10.14.2019,Q6,DNA sample 2,freezer -80C/Rm#348,3A4,F6-4,Grp3,304.08,3.29,11.20.2019,NPB-Noyes-Plate#2,64,NPB_F6_4,H9,NPB_F6_4_H9,GTACTGAC,CGGCTATG,12.20.2019,10,13,freezer -80C/Rm#348,TRUE,3,2,CGGCTATG+GTACTGAC,51218915,1.79,96.99,3.01,15366,100,91.21,35.41
NPB_F6_5_A10_S18,NPB_F6_5_A10_S18,NPB_F6_5_A10,65,11-14-2018,Feces,10.14.2019,Q6,DNA sample 2,freezer -80C/Rm#348,3A5,F6-5,Grp3,358.84,2.79,11.25.2019,NPB-Noyes-Plate#2,65,NPB_F6_5,A10,NPB_F6_5_A10,TATAGCCT,TCCGCGAA,12.20.2019,10,13,freezer -80C/Rm#348,TRUE,3,2,TCCGCGAA+TATAGCCT,62388093,2.18,97.35,2.65,18716,100,91.51,35.48
NPB_F6_6_B10_S19,NPB_F6_6_B10_S19,NPB_F6_6_B10,66,11-14-2018,Feces,10.14.2019,Q6,DNA sample 2,freezer -80C/Rm#348,3A6,F6-6,Grp3,405.72,2.46,11.25.2019,NPB-Noyes-Plate#2,66,NPB_F6_6,B10,NPB_F6_6_B10,ATAGAGGC,TCCGCGAA,12.20.2019,10,13,freezer -80C/Rm#348,TRUE,3,2,TCCGCGAA+ATAGAGGC,69048960,2.41,97.22,2.78,20715,100,92.07,35.59
NPB_F6_7_C10_S20,NPB_F6_7_C10_S20,NPB_F6_7_C10,67,11-14-2018,Feces,10.14.2019,Q6,DNA sample 2,freezer -80C/Rm#348,3B1,F6-7,Grp3,281.06,3.56,11.25.2019,NPB-Noyes-Plate#2,67,NPB_F6_7,C10,NPB_F6_7_C10,CCTATCCT,TCCGCGAA,12.20.2019,10,13,freezer -80C/Rm#348,TRUE,3,2,TCCGCGAA+CCTATCCT,60009219,2.1,97.56,2.44,18003,100,91.78,35.53
NPB_F6_8_D10_S21,NPB_F6_8_D10_S21,NPB_F6_8_D10,68,11-14-2018,Feces,10.14.2019,Q6,DNA sample 2,freezer -80C/Rm#348,3B2,F6-8,Grp3,330.58,3.03,11.25.2019,NPB-Noyes-Plate#2,68,NPB_F6_8,D10,NPB_F6_8_D10,GGCTCTGA,TCCGCGAA,12.20.2019,10,13,freezer -80C/Rm#348,TRUE,3,2,TCCGCGAA+GGCTCTGA,60613296,2.12,97.58,2.42,18184,100,91.66,35.51
NPB_F6_9_E10_S22,NPB_F6_9_E10_S22,NPB_F6_9_E10,69,11-14-2018,Feces,10.14.2019,Q6,DNA sample 2,freezer -80C/Rm#348,3B3,F6-9,Grp3,375.88,2.66,11.25.2019,NPB-Noyes-Plate#2,69,NPB_F6_9,E10,NPB_F6_9_E10,AGGCGAAG,TCCGCGAA,12.20.2019,10,13,freezer -80C/Rm#348,TRUE,3,2,TCCGCGAA+AGGCGAAG,54370734,1.9,96.61,3.39,16311,100,92.02,35.59
NPB_F9_1_A5_S3,NPB_F9_1_A5_S3,NPB_F9_1_A5,97,11-19-2018,Feces,10.16.2019,Q9,DNA sample 2,freezer -80C/Rm#348,3A1,F9-1,Grp3,325.04,3.08,11.26.2019,NPB-Noyes-Plate#3,97,NPB_F9_1,A5,NPB_F9_1_A5,TATAGCCT,ATTCAGAA,12.20.2019,10,13,freezer -80C/Rm#348,TRUE,3,3,ATTCAGAA+TATAGCCT,79503954,2.54,98.43,1.57,24010,100,92.42,35.63
NPB_F9_10_B6_S12,NPB_F9_10_B6_S12,NPB_F9_10_B6,106,11-19-2018,Feces,10.16.2019,Q9,DNA sample 2,freezer -80C/Rm#348,3B4,F9-10,Grp3,279.93,3.57,11.26.2019,NPB-Noyes-Plate#3,106,NPB_F9_10,B6,NPB_F9_10_B6,ATAGAGGC,GAATTCGT,12.20.2019,10,13,freezer -80C/Rm#348,TRUE,3,3,GAATTCGT+ATAGAGGC,80695860,2.58,98.41,1.59,24370,100,93.26,35.8
NPB_F9_11_C6_S13,NPB_F9_11_C6_S13,NPB_F9_11_C6,107,11-19-2018,Feces,10.16.2019,Q9,DNA sample 2,freezer -80C/Rm#348,3B5,F9-11,Grp3,361.08,2.77,11.26.2019,NPB-Noyes-Plate#3,107,NPB_F9_11,C6,NPB_F9_11_C6,CCTATCCT,GAATTCGT,12.20.2019,10,13,freezer -80C/Rm#348,TRUE,3,3,GAATTCGT+CCTATCCT,74965489,2.39,98.47,1.53,22640,100,93.02,35.75
NPB_F9_12_D6_S14,NPB_F9_12_D6_S14,NPB_F9_12_D6,108,11-19-2018,Feces,10.16.2019,Q9,DNA sample 2,freezer -80C/Rm#348,3B6,F9-12,Grp3,304.23,3.29,11.26.2019,NPB-Noyes-Plate#3,108,NPB_F9_12,D6,NPB_F9_12_D6,GGCTCTGA,GAATTCGT,12.20.2019,10,13,freezer -80C/Rm#348,TRUE,3,3,GAATTCGT+GGCTCTGA,85496334,2.73,98.33,1.67,25820,100,93.06,35.77
NPB_F9_2_B5_S4,NPB_F9_2_B5_S4,NPB_F9_2_B5,98,11-19-2018,Feces,10.16.2019,Q9,DNA sample 2,freezer -80C/Rm#348,3A2,F9-2,Grp3,381.64,2.62,11.26.2019,NPB-Noyes-Plate#3,98,NPB_F9_2,B5,NPB_F9_2_B5,ATAGAGGC,ATTCAGAA,12.20.2019,10,13,freezer -80C/Rm#348,TRUE,3,3,ATTCAGAA+ATAGAGGC,89353315,2.85,98.34,1.66,26985,100,92.95,35.75
NPB_F9_3_C5_S5,NPB_F9_3_C5_S5,NPB_F9_3_C5,99,11-19-2018,Feces,10.16.2019,Q9,DNA sample 2,freezer -80C/Rm#348,3A3,F9-3,Grp3,340.89,2.93,11.26.2019,NPB-Noyes-Plate#3,99,NPB_F9_3,C5,NPB_F9_3_C5,CCTATCCT,ATTCAGAA,12.20.2019,10,13,freezer -80C/Rm#348,TRUE,3,3,ATTCAGAA+CCTATCCT,80247473,2.56,98.4,1.6,24235,100,92.89,35.73
NPB_F9_4_D5_S6,NPB_F9_4_D5_S6,NPB_F9_4_D5,100,11-19-2018,Feces,10.16.2019,Q9,DNA sample 2,freezer -80C/Rm#348,3A4,F9-4,Grp3,348.57,2.87,11.26.2019,NPB-Noyes-Plate#3,100,NPB_F9_4,D5,NPB_F9_4_D5,GGCTCTGA,ATTCAGAA,12.20.2019,10,13,freezer -80C/Rm#348,TRUE,3,3,ATTCAGAA+GGCTCTGA,60501867,1.93,98.41,1.59,18272,100,92.69,35.69
NPB_F9_5_E5_S7,NPB_F9_5_E5_S7,NPB_F9_5_E5,101,11-19-2018,Feces,10.16.2019,Q9,DNA sample 2,freezer -80C/Rm#348,3A5,F9-5,Grp3,326.96,3.06,11.26.2019,NPB-Noyes-Plate#3,101,NPB_F9_5,E5,NPB_F9_5_E5,AGGCGAAG,ATTCAGAA,12.20.2019,10,13,freezer -80C/Rm#348,TRUE,3,3,ATTCAGAA+AGGCGAAG,79709386,2.54,97.86,2.14,24072,100,93.09,35.78
NPB_F9_6_F5_S8,NPB_F9_6_F5_S8,NPB_F9_6_F5,102,11-19-2018,Feces,10.16.2019,Q9,DNA sample 2,freezer -80C/Rm#348,3A6,F9-6,Grp3,378.04,2.65,11.26.2019,NPB-Noyes-Plate#3,102,NPB_F9_6,F5,NPB_F9_6_F5,TAATCTTA,ATTCAGAA,12.20.2019,10,13,freezer -80C/Rm#348,TRUE,3,3,ATTCAGAA+TAATCTTA,76372373,2.44,98.38,1.62,23064,100,93.06,35.77
NPB_F9_7_G5_S9,NPB_F9_7_G5_S9,NPB_F9_7_G5,103,11-19-2018,Feces,10.16.2019,Q9,DNA sample 2,freezer -80C/Rm#348,3B1,F9-7,Grp3,308.26,3.24,11.26.2019,NPB-Noyes-Plate#3,103,NPB_F9_7,G5,NPB_F9_7_G5,CAGGACGT,ATTCAGAA,12.20.2019,10,13,freezer -80C/Rm#348,TRUE,3,3,ATTCAGAA+CAGGACGT,68160209,2.18,98.79,1.21,20584,100,93.1,35.76
NPB_F9_8_H5_S10,NPB_F9_8_H5_S10,NPB_F9_8_H5,104,11-19-2018,Feces,10.16.2019,Q9,DNA sample 2,freezer -80C/Rm#348,3B2,F9-8,Grp3,3.36,298.06,11.26.2019,NPB-Noyes-Plate#3,104,NPB_F9_8,H5,NPB_F9_8_H5,GTACTGAC,ATTCAGAA,12.20.2019,10,13,freezer -80C/Rm#348,TRUE,3,3,ATTCAGAA+GTACTGAC,33280317,1.06,98.48,1.52,10051,100,90.85,35.24
NPB_F9_9_A6_S11,NPB_F9_9_A6_S11,NPB_F9_9_A6,105,11-19-2018,Feces,10.16.2019,Q9,DNA sample 2,freezer -80C/Rm#348,3B3,F9-9,Grp3,392.92,2.55,11.26.2019,NPB-Noyes-Plate#3,105,NPB_F9_9,A6,NPB_F9_9_A6,TATAGCCT,GAATTCGT,12.20.2019,10,13,freezer -80C/Rm#348,TRUE,3,3,GAATTCGT+TATAGCCT,72500706,2.31,98.48,1.52,21895,100,92.76,35.7
